toa,toa_sub,Minority,Non-Minority,Unspecified,Ethnicity and Race Indicator - All,cube,quarter
Permanent,10-Competitive Service - Career,361764.0,730661.0,488.0,1092913.0,Diversity - September 2006,2006-09
Permanent,15-Competitive Service - Career-Conditional,51861.0,101354.0,184.0,153399.0,Diversity - September 2006,2006-09
Permanent,30-Excepted Service - Schedule A,11672.0,23449.0,11.0,35132.0,Diversity - September 2006,2006-09
Permanent,32-Excepted Service - Schedule B,11722.0,21621.0,30.0,33373.0,Diversity - September 2006,2006-09
Permanent,36-Excepted Service - Executive,,,,4.0,Diversity - September 2006,2006-09
Permanent,38-Excepted Service - Other,83180.0,202817.0,235.0,286232.0,Diversity - September 2006,2006-09
Permanent,50-Senior Executive Service - Career,1010.0,5331.0,,6344.0,Diversity - September 2006,2006-09
Permanent,55-Senior Executive Service - Non-Career,69.0,572.0,,641.0,Diversity - September 2006,2006-09
Permanent,**-Unspecified,44.0,75.0,,119.0,Diversity - September 2006,2006-09
Permanent,Permanent,521323.0,1085883.0,951.0,1608157.0,Diversity - September 2006,2006-09
Non-permanent,20-Competitive Service,7666.0,20512.0,34.0,28212.0,Diversity - September 2006,2006-09
Non-permanent,40-Excepted Service - Schedule A,6860.0,11833.0,11.0,18704.0,Diversity - September 2006,2006-09
Non-permanent,42-Excepted Service - Schedule B,3092.0,6081.0,20.0,9193.0,Diversity - September 2006,2006-09
Non-permanent,44-Excepted Service - Schedule C,199.0,1406.0,,1605.0,Diversity - September 2006,2006-09
Non-permanent,46-Excepted Service - Executive,84.0,443.0,,528.0,Diversity - September 2006,2006-09
Non-permanent,48-Excepted Service - Other,11180.0,20291.0,140.0,31611.0,Diversity - September 2006,2006-09
Non-permanent,60-Senior Executive Service - Limited Term,12.0,101.0,,113.0,Diversity - September 2006,2006-09
Non-permanent,65-Senior Executive Service - Limited Emergency,,5.0,,6.0,Diversity - September 2006,2006-09
Non-permanent,Non-permanent,29094.0,60672.0,206.0,89972.0,Diversity - September 2006,2006-09
Unspecified,Unspecified,49.0,129.0,,178.0,Diversity - September 2006,2006-09
Permanent,10-Competitive Service - Career,367310.0,728349.0,627.0,1096286.0,Diversity - September 2007,2007-09
Permanent,15-Competitive Service - Career-Conditional,52300.0,95451.0,271.0,148022.0,Diversity - September 2007,2007-09
Permanent,30-Excepted Service - Schedule A,11959.0,23352.0,15.0,35326.0,Diversity - September 2007,2007-09
Permanent,32-Excepted Service - Schedule B,15020.0,24961.0,131.0,40112.0,Diversity - September 2007,2007-09
Permanent,36-Excepted Service - Executive,,8.0,,10.0,Diversity - September 2007,2007-09
Permanent,38-Excepted Service - Other,85022.0,205824.0,236.0,291082.0,Diversity - September 2007,2007-09
Permanent,50-Senior Executive Service - Career,1049.0,5493.0,4.0,6546.0,Diversity - September 2007,2007-09
Permanent,55-Senior Executive Service - Non-Career,60.0,611.0,6.0,677.0,Diversity - September 2007,2007-09
Permanent,**-Unspecified,34.0,64.0,,98.0,Diversity - September 2007,2007-09
Permanent,Permanent,532756.0,1084113.0,1290.0,1618159.0,Diversity - September 2007,2007-09
Non-permanent,20-Competitive Service,7742.0,22212.0,86.0,30040.0,Diversity - September 2007,2007-09
Non-permanent,40-Excepted Service - Schedule A,5253.0,10243.0,8.0,15504.0,Diversity - September 2007,2007-09
Non-permanent,42-Excepted Service - Schedule B,3024.0,6283.0,41.0,9348.0,Diversity - September 2007,2007-09
Non-permanent,44-Excepted Service - Schedule C,199.0,1427.0,12.0,1638.0,Diversity - September 2007,2007-09
Non-permanent,46-Excepted Service - Executive,78.0,441.0,,520.0,Diversity - September 2007,2007-09
Non-permanent,48-Excepted Service - Other,12813.0,23295.0,82.0,36190.0,Diversity - September 2007,2007-09
Non-permanent,60-Senior Executive Service - Limited Term,13.0,107.0,,121.0,Diversity - September 2007,2007-09
Non-permanent,65-Senior Executive Service - Limited Emergency,,5.0,,7.0,Diversity - September 2007,2007-09
Non-permanent,Non-permanent,29124.0,64013.0,231.0,93368.0,Diversity - September 2007,2007-09
Unspecified,Unspecified,47.0,125.0,,173.0,Diversity - September 2007,2007-09
Permanent,10-Competitive Service - Career,376649.0,730484.0,576.0,1107709.0,Diversity - September 2008,2008-09
Permanent,15-Competitive Service - Career-Conditional,57861.0,101730.0,195.0,159786.0,Diversity - September 2008,2008-09
Permanent,30-Excepted Service - Schedule A,12757.0,24369.0,13.0,37139.0,Diversity - September 2008,2008-09
Permanent,32-Excepted Service - Schedule B,19749.0,33026.0,150.0,52925.0,Diversity - September 2008,2008-09
Permanent,36-Excepted Service - Executive,,14.0,,17.0,Diversity - September 2008,2008-09
Permanent,38-Excepted Service - Other,91919.0,216063.0,177.0,308159.0,Diversity - September 2008,2008-09
Permanent,50-Senior Executive Service - Career,1105.0,5741.0,,6849.0,Diversity - September 2008,2008-09
Permanent,55-Senior Executive Service - Non-Career,46.0,578.0,6.0,630.0,Diversity - September 2008,2008-09
Permanent,**-Unspecified,9.0,25.0,,35.0,Diversity - September 2008,2008-09
Permanent,Permanent,560098.0,1112030.0,1121.0,1673249.0,Diversity - September 2008,2008-09
Non-permanent,20-Competitive Service,8183.0,26339.0,48.0,34570.0,Diversity - September 2008,2008-09
Non-permanent,40-Excepted Service - Schedule A,5820.0,12532.0,40.0,18392.0,Diversity - September 2008,2008-09
Non-permanent,42-Excepted Service - Schedule B,3878.0,8155.0,34.0,12067.0,Diversity - September 2008,2008-09
Non-permanent,44-Excepted Service - Schedule C,179.0,1320.0,9.0,1508.0,Diversity - September 2008,2008-09
Non-permanent,46-Excepted Service - Executive,73.0,442.0,,515.0,Diversity - September 2008,2008-09
Non-permanent,48-Excepted Service - Other,14141.0,26303.0,33.0,40477.0,Diversity - September 2008,2008-09
Non-permanent,60-Senior Executive Service - Limited Term,20.0,112.0,,132.0,Diversity - September 2008,2008-09
Non-permanent,65-Senior Executive Service - Limited Emergency,,4.0,,5.0,Diversity - September 2008,2008-09
Non-permanent,Non-permanent,32295.0,75207.0,164.0,107666.0,Diversity - September 2008,2008-09
Unspecified,Unspecified,25.0,96.0,,121.0,Diversity - September 2008,2008-09
Permanent,10-Competitive Service - Career,382549.0,726102.0,1167.0,1109818.0,Diversity - September 2009,2009-09
Permanent,15-Competitive Service - Career-Conditional,73595.0,137924.0,840.0,212359.0,Diversity - September 2009,2009-09
Permanent,30-Excepted Service - Schedule A,13458.0,26264.0,53.0,39775.0,Diversity - September 2009,2009-09
Permanent,32-Excepted Service - Schedule B,22301.0,41157.0,669.0,64127.0,Diversity - September 2009,2009-09
Permanent,36-Excepted Service - Executive,,14.0,,16.0,Diversity - September 2009,2009-09
Permanent,38-Excepted Service - Other,97040.0,226117.0,360.0,323517.0,Diversity - September 2009,2009-09
Permanent,50-Senior Executive Service - Career,1159.0,5792.0,15.0,6966.0,Diversity - September 2009,2009-09
Permanent,55-Senior Executive Service - Non-Career,102.0,394.0,5.0,501.0,Diversity - September 2009,2009-09
Permanent,**-Unspecified,10.0,16.0,,26.0,Diversity - September 2009,2009-09
Permanent,Permanent,590216.0,1163780.0,3109.0,1757105.0,Diversity - September 2009,2009-09
Non-permanent,20-Competitive Service,10016.0,32088.0,63.0,42167.0,Diversity - September 2009,2009-09
Non-permanent,40-Excepted Service - Schedule A,7507.0,16472.0,100.0,24079.0,Diversity - September 2009,2009-09
Non-permanent,42-Excepted Service - Schedule B,3994.0,9307.0,59.0,13360.0,Diversity - September 2009,2009-09
Non-permanent,44-Excepted Service - Schedule C,352.0,885.0,29.0,1266.0,Diversity - September 2009,2009-09
Non-permanent,46-Excepted Service - Executive,82.0,327.0,,410.0,Diversity - September 2009,2009-09
Non-permanent,48-Excepted Service - Other,13051.0,25492.0,134.0,38677.0,Diversity - September 2009,2009-09
Non-permanent,60-Senior Executive Service - Limited Term,22.0,112.0,,136.0,Diversity - September 2009,2009-09
Non-permanent,65-Senior Executive Service - Limited Emergency,,6.0,,6.0,Diversity - September 2009,2009-09
Non-permanent,Non-permanent,35024.0,84689.0,388.0,120101.0,Diversity - September 2009,2009-09
Unspecified,Unspecified,21.0,88.0,,109.0,Diversity - September 2009,2009-09
Permanent,10-Competitive Service - Career,384900.0,730228.0,1253.0,1116381.0,Diversity - December 2009,2009-12
Permanent,15-Competitive Service - Career-Conditional,76072.0,144973.0,986.0,222031.0,Diversity - December 2009,2009-12
Permanent,30-Excepted Service - Schedule A,13600.0,26480.0,67.0,40147.0,Diversity - December 2009,2009-12
Permanent,32-Excepted Service - Schedule B,22086.0,41076.0,883.0,64045.0,Diversity - December 2009,2009-12
Permanent,36-Excepted Service - Executive,,14.0,,17.0,Diversity - December 2009,2009-12
Permanent,38-Excepted Service - Other,98153.0,228619.0,372.0,327144.0,Diversity - December 2009,2009-12
Permanent,50-Senior Executive Service - Career,1171.0,5818.0,16.0,7005.0,Diversity - December 2009,2009-12
Permanent,55-Senior Executive Service - Non-Career,122.0,433.0,5.0,560.0,Diversity - December 2009,2009-12
Permanent,**-Unspecified,11.0,15.0,,26.0,Diversity - December 2009,2009-12
Permanent,Permanent,596118.0,1177656.0,3582.0,1777356.0,Diversity - December 2009,2009-12
Non-permanent,20-Competitive Service,9379.0,22520.0,60.0,31959.0,Diversity - December 2009,2009-12
Non-permanent,40-Excepted Service - Schedule A,7954.0,16656.0,112.0,24722.0,Diversity - December 2009,2009-12
Non-permanent,42-Excepted Service - Schedule B,3444.0,7264.0,48.0,10756.0,Diversity - December 2009,2009-12
Non-permanent,44-Excepted Service - Schedule C,376.0,976.0,31.0,1383.0,Diversity - December 2009,2009-12
Non-permanent,46-Excepted Service - Executive,96.0,362.0,,459.0,Diversity - December 2009,2009-12
Non-permanent,48-Excepted Service - Other,12925.0,25536.0,122.0,38583.0,Diversity - December 2009,2009-12
Non-permanent,60-Senior Executive Service - Limited Term,24.0,115.0,,142.0,Diversity - December 2009,2009-12
Non-permanent,65-Senior Executive Service - Limited Emergency,,6.0,,6.0,Diversity - December 2009,2009-12
Non-permanent,Non-permanent,34198.0,73435.0,377.0,108010.0,Diversity - December 2009,2009-12
Unspecified,Unspecified,20.0,69.0,,89.0,Diversity - December 2009,2009-12
Permanent,10-Competitive Service - Career,385750.0,726120.0,1282.0,1113152.0,Diversity - March 2010,2010-03
Permanent,15-Competitive Service - Career-Conditional,78211.0,152206.0,935.0,231352.0,Diversity - March 2010,2010-03
Permanent,30-Excepted Service - Schedule A,13790.0,26720.0,70.0,40580.0,Diversity - March 2010,2010-03
Permanent,32-Excepted Service - Schedule B,21815.0,39838.0,618.0,62271.0,Diversity - March 2010,2010-03
Permanent,36-Excepted Service - Executive,,15.0,,18.0,Diversity - March 2010,2010-03
Permanent,38-Excepted Service - Other,98998.0,229646.0,426.0,329070.0,Diversity - March 2010,2010-03
Permanent,50-Senior Executive Service - Career,1175.0,5781.0,16.0,6972.0,Diversity - March 2010,2010-03
Permanent,55-Senior Executive Service - Non-Career,137.0,472.0,6.0,615.0,Diversity - March 2010,2010-03
Permanent,**-Unspecified,9.0,16.0,,25.0,Diversity - March 2010,2010-03
Permanent,Permanent,599888.0,1180814.0,3353.0,1784055.0,Diversity - March 2010,2010-03
Non-permanent,20-Competitive Service,9871.0,23614.0,52.0,33537.0,Diversity - March 2010,2010-03
Non-permanent,40-Excepted Service - Schedule A,8005.0,16469.0,91.0,24565.0,Diversity - March 2010,2010-03
Non-permanent,42-Excepted Service - Schedule B,2652.0,5548.0,52.0,8252.0,Diversity - March 2010,2010-03
Non-permanent,44-Excepted Service - Schedule C,389.0,981.0,27.0,1397.0,Diversity - March 2010,2010-03
Non-permanent,46-Excepted Service - Executive,113.0,399.0,,513.0,Diversity - March 2010,2010-03
Non-permanent,48-Excepted Service - Other,12386.0,23734.0,108.0,36228.0,Diversity - March 2010,2010-03
Non-permanent,60-Senior Executive Service - Limited Term,23.0,120.0,,145.0,Diversity - March 2010,2010-03
Non-permanent,65-Senior Executive Service - Limited Emergency,,7.0,,7.0,Diversity - March 2010,2010-03
Non-permanent,Non-permanent,33439.0,70872.0,333.0,104644.0,Diversity - March 2010,2010-03
Unspecified,Unspecified,18.0,68.0,,86.0,Diversity - March 2010,2010-03
Permanent,10-Competitive Service - Career,391266.0,727289.0,800.0,1119355.0,Diversity - June 2010,2010-06
Permanent,15-Competitive Service - Career-Conditional,81284.0,158244.0,368.0,239896.0,Diversity - June 2010,2010-06
Permanent,30-Excepted Service - Schedule A,13923.0,27014.0,30.0,40967.0,Diversity - June 2010,2010-06
Permanent,32-Excepted Service - Schedule B,22184.0,41841.0,160.0,64185.0,Diversity - June 2010,2010-06
Permanent,36-Excepted Service - Executive,,15.0,,18.0,Diversity - June 2010,2010-06
Permanent,38-Excepted Service - Other,100604.0,232299.0,254.0,333157.0,Diversity - June 2010,2010-06
Permanent,50-Senior Executive Service - Career,1200.0,5785.0,,6988.0,Diversity - June 2010,2010-06
Permanent,55-Senior Executive Service - Non-Career,157.0,490.0,8.0,655.0,Diversity - June 2010,2010-06
Permanent,**-Unspecified,7.0,17.0,,24.0,Diversity - June 2010,2010-06
Permanent,Permanent,610628.0,1192994.0,1623.0,1805245.0,Diversity - June 2010,2010-06
Non-permanent,20-Competitive Service,10284.0,36327.0,27.0,46638.0,Diversity - June 2010,2010-06
Non-permanent,40-Excepted Service - Schedule A,8123.0,19037.0,42.0,27202.0,Diversity - June 2010,2010-06
Non-permanent,42-Excepted Service - Schedule B,9365.0,23414.0,126.0,32905.0,Diversity - June 2010,2010-06
Non-permanent,44-Excepted Service - Schedule C,396.0,1024.0,26.0,1446.0,Diversity - June 2010,2010-06
Non-permanent,46-Excepted Service - Executive,136.0,433.0,,569.0,Diversity - June 2010,2010-06
Non-permanent,48-Excepted Service - Other,12393.0,24252.0,20.0,36665.0,Diversity - June 2010,2010-06
Non-permanent,60-Senior Executive Service - Limited Term,25.0,116.0,,143.0,Diversity - June 2010,2010-06
Non-permanent,65-Senior Executive Service - Limited Emergency,,4.0,,4.0,Diversity - June 2010,2010-06
Non-permanent,Non-permanent,40722.0,104607.0,243.0,145572.0,Diversity - June 2010,2010-06
Unspecified,Unspecified,17.0,70.0,,87.0,Diversity - June 2010,2010-06
Permanent,10-Competitive Service - Career,397326.0,731637.0,805.0,1129768.0,Diversity - September 2010,2010-09
Permanent,15-Competitive Service - Career-Conditional,84724.0,167193.0,350.0,252267.0,Diversity - September 2010,2010-09
Permanent,30-Excepted Service - Schedule A,14282.0,27923.0,29.0,42234.0,Diversity - September 2010,2010-09
Permanent,32-Excepted Service - Schedule B,21037.0,39991.0,138.0,61166.0,Diversity - September 2010,2010-09
Permanent,36-Excepted Service - Executive,5.0,13.0,,18.0,Diversity - September 2010,2010-09
Permanent,38-Excepted Service - Other,102460.0,235839.0,276.0,338575.0,Diversity - September 2010,2010-09
Permanent,50-Senior Executive Service - Career,1206.0,5787.0,4.0,6997.0,Diversity - September 2010,2010-09
Permanent,55-Senior Executive Service - Non-Career,164.0,499.0,8.0,671.0,Diversity - September 2010,2010-09
Permanent,**-Unspecified,6.0,17.0,,23.0,Diversity - September 2010,2010-09
Permanent,Permanent,621210.0,1208899.0,1610.0,1831719.0,Diversity - September 2010,2010-09
Non-permanent,20-Competitive Service,9676.0,32562.0,25.0,42263.0,Diversity - September 2010,2010-09
Non-permanent,40-Excepted Service - Schedule A,7041.0,15968.0,38.0,23047.0,Diversity - September 2010,2010-09
Non-permanent,42-Excepted Service - Schedule B,4646.0,9644.0,44.0,14334.0,Diversity - September 2010,2010-09
Non-permanent,44-Excepted Service - Schedule C,406.0,1031.0,28.0,1465.0,Diversity - September 2010,2010-09
Non-permanent,46-Excepted Service - Executive,148.0,474.0,,622.0,Diversity - September 2010,2010-09
Non-permanent,48-Excepted Service - Other,12134.0,23698.0,21.0,35853.0,Diversity - September 2010,2010-09
Non-permanent,60-Senior Executive Service - Limited Term,27.0,113.0,,142.0,Diversity - September 2010,2010-09
Non-permanent,65-Senior Executive Service - Limited Emergency,,,,,Diversity - September 2010,2010-09
Non-permanent,Non-permanent,34078.0,83491.0,158.0,117727.0,Diversity - September 2010,2010-09
Unspecified,Unspecified,17.0,78.0,,95.0,Diversity - September 2010,2010-09
Permanent,10-Competitive Service - Career,401010.0,735729.0,722.0,1137461.0,Diversity - December 2010,2010-12
Permanent,15-Competitive Service - Career-Conditional,86347.0,171897.0,173.0,258417.0,Diversity - December 2010,2010-12
Permanent,30-Excepted Service - Schedule A,14500.0,28455.0,27.0,42982.0,Diversity - December 2010,2010-12
Permanent,32-Excepted Service - Schedule B,20259.0,39128.0,81.0,59468.0,Diversity - December 2010,2010-12
Permanent,36-Excepted Service - Executive,5.0,14.0,,19.0,Diversity - December 2010,2010-12
Permanent,38-Excepted Service - Other,104441.0,238519.0,282.0,343242.0,Diversity - December 2010,2010-12
Permanent,50-Senior Executive Service - Career,1228.0,5842.0,,7073.0,Diversity - December 2010,2010-12
Permanent,55-Senior Executive Service - Non-Career,169.0,498.0,,668.0,Diversity - December 2010,2010-12
Permanent,**-Unspecified,6.0,18.0,,24.0,Diversity - December 2010,2010-12
Permanent,Permanent,627965.0,1220100.0,1289.0,1849354.0,Diversity - December 2010,2010-12
Non-permanent,20-Competitive Service,8857.0,22309.0,18.0,31184.0,Diversity - December 2010,2010-12
Non-permanent,40-Excepted Service - Schedule A,5663.0,13087.0,16.0,18766.0,Diversity - December 2010,2010-12
Non-permanent,42-Excepted Service - Schedule B,3553.0,7326.0,14.0,10893.0,Diversity - December 2010,2010-12
Non-permanent,44-Excepted Service - Schedule C,413.0,1073.0,,1486.0,Diversity - December 2010,2010-12
Non-permanent,46-Excepted Service - Executive,153.0,481.0,,634.0,Diversity - December 2010,2010-12
Non-permanent,48-Excepted Service - Other,11795.0,23252.0,13.0,35060.0,Diversity - December 2010,2010-12
Non-permanent,60-Senior Executive Service - Limited Term,26.0,117.0,,143.0,Diversity - December 2010,2010-12
Non-permanent,65-Senior Executive Service - Limited Emergency,,,,,Diversity - December 2010,2010-12
Non-permanent,Non-permanent,30461.0,67646.0,61.0,98168.0,Diversity - December 2010,2010-12
Unspecified,Unspecified,18.0,78.0,,96.0,Diversity - December 2010,2010-12
Permanent,10-Competitive Service - Career,401520.0,735260.0,702.0,1137482.0,Diversity - March 2011,2011-03
Permanent,15-Competitive Service - Career-Conditional,99715.0,197726.0,189.0,297630.0,Diversity - March 2011,2011-03
Permanent,30-Excepted Service - Schedule A,14615.0,28693.0,22.0,43330.0,Diversity - March 2011,2011-03
Permanent,32-Excepted Service - Schedule B,3527.0,8352.0,8.0,11887.0,Diversity - March 2011,2011-03
Permanent,36-Excepted Service - Executive,5.0,14.0,,19.0,Diversity - March 2011,2011-03
Permanent,38-Excepted Service - Other,109881.0,244184.0,299.0,354364.0,Diversity - March 2011,2011-03
Permanent,50-Senior Executive Service - Career,1251.0,5846.0,4.0,7101.0,Diversity - March 2011,2011-03
Permanent,55-Senior Executive Service - Non-Career,177.0,506.0,,684.0,Diversity - March 2011,2011-03
Permanent,**-Unspecified,6.0,16.0,,22.0,Diversity - March 2011,2011-03
Permanent,Permanent,630697.0,1220597.0,1225.0,1852519.0,Diversity - March 2011,2011-03
Non-permanent,20-Competitive Service,8813.0,21638.0,16.0,30467.0,Diversity - March 2011,2011-03
Non-permanent,40-Excepted Service - Schedule A,5492.0,12732.0,15.0,18239.0,Diversity - March 2011,2011-03
Non-permanent,42-Excepted Service - Schedule B,2761.0,5578.0,9.0,8348.0,Diversity - March 2011,2011-03
Non-permanent,44-Excepted Service - Schedule C,419.0,1070.0,,1489.0,Diversity - March 2011,2011-03
Non-permanent,46-Excepted Service - Executive,152.0,483.0,,635.0,Diversity - March 2011,2011-03
Non-permanent,48-Excepted Service - Other,11661.0,22861.0,13.0,34535.0,Diversity - March 2011,2011-03
Non-permanent,60-Senior Executive Service - Limited Term,24.0,107.0,,131.0,Diversity - March 2011,2011-03
Non-permanent,65-Senior Executive Service - Limited Emergency,,,,,Diversity - March 2011,2011-03
Non-permanent,Non-permanent,29323.0,64470.0,53.0,93846.0,Diversity - March 2011,2011-03
Unspecified,Unspecified,18.0,83.0,,101.0,Diversity - March 2011,2011-03
Permanent,10-Competitive Service - Career,405610.0,739474.0,1078.0,1146162.0,Diversity - June 2011,2011-06
Permanent,15-Competitive Service - Career-Conditional,95302.0,193745.0,304.0,289351.0,Diversity - June 2011,2011-06
Permanent,30-Excepted Service - Schedule A,14501.0,28684.0,48.0,43233.0,Diversity - June 2011,2011-06
Permanent,32-Excepted Service - Schedule B,4032.0,10107.0,18.0,14157.0,Diversity - June 2011,2011-06
Permanent,36-Excepted Service - Executive,5.0,23.0,,28.0,Diversity - June 2011,2011-06
Permanent,38-Excepted Service - Other,111622.0,242271.0,311.0,354204.0,Diversity - June 2011,2011-06
Permanent,50-Senior Executive Service - Career,1280.0,5840.0,7.0,7127.0,Diversity - June 2011,2011-06
Permanent,55-Senior Executive Service - Non-Career,172.0,514.0,,689.0,Diversity - June 2011,2011-06
Permanent,**-Unspecified,4.0,18.0,,22.0,Diversity - June 2011,2011-06
Permanent,Permanent,632528.0,1220676.0,1769.0,1854973.0,Diversity - June 2011,2011-06
Non-permanent,20-Competitive Service,9035.0,31904.0,9.0,40948.0,Diversity - June 2011,2011-06
Non-permanent,40-Excepted Service - Schedule A,5886.0,14721.0,20.0,20627.0,Diversity - June 2011,2011-06
Non-permanent,42-Excepted Service - Schedule B,6994.0,17848.0,20.0,24862.0,Diversity - June 2011,2011-06
Non-permanent,44-Excepted Service - Schedule C,428.0,1044.0,,1472.0,Diversity - June 2011,2011-06
Non-permanent,46-Excepted Service - Executive,154.0,488.0,,643.0,Diversity - June 2011,2011-06
Non-permanent,48-Excepted Service - Other,11763.0,23912.0,14.0,35689.0,Diversity - June 2011,2011-06
Non-permanent,60-Senior Executive Service - Limited Term,19.0,100.0,,119.0,Diversity - June 2011,2011-06
Non-permanent,65-Senior Executive Service - Limited Emergency,,,,4.0,Diversity - June 2011,2011-06
Non-permanent,Non-permanent,34280.0,90020.0,64.0,124364.0,Diversity - June 2011,2011-06
Unspecified,Unspecified,21.0,85.0,,106.0,Diversity - June 2011,2011-06
Permanent,10-Competitive Service - Career,412014.0,745734.0,1181.0,1158929.0,Diversity - September 2011,2011-09
Permanent,15-Competitive Service - Career-Conditional,90685.0,188303.0,177.0,279165.0,Diversity - September 2011,2011-09
Permanent,30-Excepted Service - Schedule A,14521.0,28807.0,26.0,43354.0,Diversity - September 2011,2011-09
Permanent,32-Excepted Service - Schedule B,3626.0,8556.0,,12185.0,Diversity - September 2011,2011-09
Permanent,36-Excepted Service - Executive,5.0,22.0,,27.0,Diversity - September 2011,2011-09
Permanent,38-Excepted Service - Other,111951.0,242682.0,466.0,355099.0,Diversity - September 2011,2011-09
Permanent,50-Senior Executive Service - Career,1298.0,5824.0,4.0,7126.0,Diversity - September 2011,2011-09
Permanent,55-Senior Executive Service - Non-Career,166.0,501.0,,668.0,Diversity - September 2011,2011-09
Permanent,**-Unspecified,4.0,23.0,,27.0,Diversity - September 2011,2011-09
Permanent,Permanent,634270.0,1220452.0,1858.0,1856580.0,Diversity - September 2011,2011-09
Non-permanent,20-Competitive Service,8636.0,28504.0,5.0,37145.0,Diversity - September 2011,2011-09
Non-permanent,40-Excepted Service - Schedule A,5435.0,13365.0,9.0,18809.0,Diversity - September 2011,2011-09
Non-permanent,42-Excepted Service - Schedule B,4101.0,8113.0,7.0,12221.0,Diversity - September 2011,2011-09
Non-permanent,44-Excepted Service - Schedule C,423.0,1016.0,,1439.0,Diversity - September 2011,2011-09
Non-permanent,46-Excepted Service - Executive,155.0,478.0,,633.0,Diversity - September 2011,2011-09
Non-permanent,48-Excepted Service - Other,11508.0,23553.0,12.0,35073.0,Diversity - September 2011,2011-09
Non-permanent,60-Senior Executive Service - Limited Term,21.0,104.0,,125.0,Diversity - September 2011,2011-09
Non-permanent,65-Senior Executive Service - Limited Emergency,,,,4.0,Diversity - September 2011,2011-09
Non-permanent,Non-permanent,30280.0,75136.0,33.0,105449.0,Diversity - September 2011,2011-09
Unspecified,Unspecified,20.0,89.0,,109.0,Diversity - September 2011,2011-09
Permanent,10-Competitive Service - Career,414295.0,744652.0,1354.0,1160301.0,Diversity - December 2011,2011-12
Permanent,15-Competitive Service - Career-Conditional,87261.0,182328.0,128.0,269717.0,Diversity - December 2011,2011-12
Permanent,30-Excepted Service - Schedule A,14582.0,28887.0,27.0,43496.0,Diversity - December 2011,2011-12
Permanent,32-Excepted Service - Schedule B,3762.0,8681.0,,12446.0,Diversity - December 2011,2011-12
Permanent,36-Excepted Service - Executive,4.0,21.0,,25.0,Diversity - December 2011,2011-12
Permanent,38-Excepted Service - Other,112444.0,242920.0,588.0,355952.0,Diversity - December 2011,2011-12
Permanent,50-Senior Executive Service - Career,1306.0,5822.0,5.0,7133.0,Diversity - December 2011,2011-12
Permanent,55-Senior Executive Service - Non-Career,167.0,507.0,,675.0,Diversity - December 2011,2011-12
Permanent,**-Unspecified,4.0,19.0,,23.0,Diversity - December 2011,2011-12
Permanent,Permanent,633825.0,1213837.0,2106.0,1849768.0,Diversity - December 2011,2011-12
Non-permanent,20-Competitive Service,7679.0,18656.0,4.0,26339.0,Diversity - December 2011,2011-12
Non-permanent,40-Excepted Service - Schedule A,5045.0,11683.0,10.0,16738.0,Diversity - December 2011,2011-12
Non-permanent,42-Excepted Service - Schedule B,3168.0,5796.0,17.0,8981.0,Diversity - December 2011,2011-12
Non-permanent,44-Excepted Service - Schedule C,421.0,998.0,,1419.0,Diversity - December 2011,2011-12
Non-permanent,46-Excepted Service - Executive,152.0,484.0,,636.0,Diversity - December 2011,2011-12
Non-permanent,48-Excepted Service - Other,11379.0,22953.0,18.0,34350.0,Diversity - December 2011,2011-12
Non-permanent,60-Senior Executive Service - Limited Term,23.0,92.0,,115.0,Diversity - December 2011,2011-12
Non-permanent,65-Senior Executive Service - Limited Emergency,,,,4.0,Diversity - December 2011,2011-12
Non-permanent,Non-permanent,27868.0,60665.0,49.0,88582.0,Diversity - December 2011,2011-12
Unspecified,Unspecified,20.0,92.0,,112.0,Diversity - December 2011,2011-12
Permanent,10-Competitive Service - Career,417558.0,746564.0,885.0,1165007.0,Diversity - March 2012,2012-03
Permanent,15-Competitive Service - Career-Conditional,83653.0,175591.0,101.0,259345.0,Diversity - March 2012,2012-03
Permanent,30-Excepted Service - Schedule A,14778.0,29086.0,27.0,43891.0,Diversity - March 2012,2012-03
Permanent,32-Excepted Service - Schedule B,3623.0,7912.0,,11538.0,Diversity - March 2012,2012-03
Permanent,36-Excepted Service - Executive,4.0,21.0,,25.0,Diversity - March 2012,2012-03
Permanent,38-Excepted Service - Other,113162.0,243385.0,290.0,356837.0,Diversity - March 2012,2012-03
Permanent,50-Senior Executive Service - Career,1320.0,5820.0,,7143.0,Diversity - March 2012,2012-03
Permanent,55-Senior Executive Service - Non-Career,168.0,511.0,,680.0,Diversity - March 2012,2012-03
Permanent,**-Unspecified,4.0,15.0,,19.0,Diversity - March 2012,2012-03
Permanent,Permanent,634270.0,1208905.0,1310.0,1844485.0,Diversity - March 2012,2012-03
Non-permanent,20-Competitive Service,7617.0,18252.0,,25871.0,Diversity - March 2012,2012-03
Non-permanent,40-Excepted Service - Schedule A,4818.0,11030.0,8.0,15856.0,Diversity - March 2012,2012-03
Non-permanent,42-Excepted Service - Schedule B,2315.0,4363.0,4.0,6682.0,Diversity - March 2012,2012-03
Non-permanent,44-Excepted Service - Schedule C,428.0,1009.0,,1437.0,Diversity - March 2012,2012-03
Non-permanent,46-Excepted Service - Executive,149.0,469.0,,618.0,Diversity - March 2012,2012-03
Non-permanent,48-Excepted Service - Other,11251.0,22733.0,9.0,33993.0,Diversity - March 2012,2012-03
Non-permanent,60-Senior Executive Service - Limited Term,23.0,93.0,,116.0,Diversity - March 2012,2012-03
Non-permanent,65-Senior Executive Service - Limited Emergency,,,,,Diversity - March 2012,2012-03
Non-permanent,Non-permanent,26601.0,57952.0,23.0,84576.0,Diversity - March 2012,2012-03
Unspecified,Unspecified,18.0,96.0,,114.0,Diversity - March 2012,2012-03
Permanent,10-Competitive Service - Career,422694.0,752259.0,612.0,1175565.0,Diversity - June 2012,2012-06
Permanent,15-Competitive Service - Career-Conditional,79198.0,165576.0,87.0,244861.0,Diversity - June 2012,2012-06
Permanent,30-Excepted Service - Schedule A,14873.0,29468.0,19.0,44360.0,Diversity - June 2012,2012-06
Permanent,32-Excepted Service - Schedule B,4560.0,10081.0,4.0,14645.0,Diversity - June 2012,2012-06
Permanent,36-Excepted Service - Executive,4.0,21.0,,25.0,Diversity - June 2012,2012-06
Permanent,38-Excepted Service - Other,113629.0,242889.0,299.0,356817.0,Diversity - June 2012,2012-06
Permanent,50-Senior Executive Service - Career,1347.0,5736.0,,7085.0,Diversity - June 2012,2012-06
Permanent,55-Senior Executive Service - Non-Career,162.0,518.0,,681.0,Diversity - June 2012,2012-06
Permanent,**-Unspecified,5.0,15.0,,20.0,Diversity - June 2012,2012-06
Permanent,Permanent,636472.0,1206563.0,1024.0,1844059.0,Diversity - June 2012,2012-06
Non-permanent,20-Competitive Service,8167.0,29155.0,5.0,37327.0,Diversity - June 2012,2012-06
Non-permanent,40-Excepted Service - Schedule A,5106.0,13088.0,8.0,18202.0,Diversity - June 2012,2012-06
Non-permanent,42-Excepted Service - Schedule B,6874.0,16147.0,7.0,23028.0,Diversity - June 2012,2012-06
Non-permanent,44-Excepted Service - Schedule C,437.0,970.0,,1407.0,Diversity - June 2012,2012-06
Non-permanent,46-Excepted Service - Executive,153.0,479.0,,632.0,Diversity - June 2012,2012-06
Non-permanent,48-Excepted Service - Other,11427.0,23568.0,9.0,35004.0,Diversity - June 2012,2012-06
Non-permanent,60-Senior Executive Service - Limited Term,25.0,91.0,,116.0,Diversity - June 2012,2012-06
Non-permanent,65-Senior Executive Service - Limited Emergency,,,,,Diversity - June 2012,2012-06
Non-permanent,Non-permanent,32189.0,83500.0,29.0,115718.0,Diversity - June 2012,2012-06
Unspecified,Unspecified,16.0,100.0,,116.0,Diversity - June 2012,2012-06
Permanent,10-Competitive Service - Career,424339.0,758819.0,684.0,1183842.0,Diversity - September 2012,2012-09
Permanent,15-Competitive Service - Career-Conditional,73932.0,155288.0,62.0,229282.0,Diversity - September 2012,2012-09
Permanent,30-Excepted Service - Schedule A,14930.0,29394.0,17.0,44341.0,Diversity - September 2012,2012-09
Permanent,32-Excepted Service - Schedule B,3411.0,7524.0,,10937.0,Diversity - September 2012,2012-09
Permanent,35-Excepted Service - Schedule D,625.0,983.0,,1608.0,Diversity - September 2012,2012-09
Permanent,36-Excepted Service - Executive,5.0,25.0,,30.0,Diversity - September 2012,2012-09
Permanent,38-Excepted Service - Other,121344.0,250744.0,293.0,372381.0,Diversity - September 2012,2012-09
Permanent,50-Senior Executive Service - Career,1371.0,5825.0,,7198.0,Diversity - September 2012,2012-09
Permanent,55-Senior Executive Service - Non-Career,160.0,513.0,,674.0,Diversity - September 2012,2012-09
Permanent,**-Unspecified,5.0,13.0,,18.0,Diversity - September 2012,2012-09
Permanent,Permanent,640122.0,1209128.0,1061.0,1850311.0,Diversity - September 2012,2012-09
Non-permanent,20-Competitive Service,7899.0,26403.0,,34303.0,Diversity - September 2012,2012-09
Non-permanent,40-Excepted Service - Schedule A,4987.0,11684.0,8.0,16679.0,Diversity - September 2012,2012-09
Non-permanent,42-Excepted Service - Schedule B,2940.0,5971.0,6.0,8917.0,Diversity - September 2012,2012-09
Non-permanent,44-Excepted Service - Schedule C,438.0,970.0,,1408.0,Diversity - September 2012,2012-09
Non-permanent,45-Excepted Service - Schedule D,674.0,1130.0,,1804.0,Diversity - September 2012,2012-09
Non-permanent,46-Excepted Service - Executive,156.0,476.0,,632.0,Diversity - September 2012,2012-09
Non-permanent,48-Excepted Service - Other,11446.0,23375.0,9.0,34830.0,Diversity - September 2012,2012-09
Non-permanent,60-Senior Executive Service - Limited Term,25.0,89.0,,114.0,Diversity - September 2012,2012-09
Non-permanent,65-Senior Executive Service - Limited Emergency,,,,,Diversity - September 2012,2012-09
Non-permanent,Non-permanent,28565.0,70100.0,24.0,98689.0,Diversity - September 2012,2012-09
Unspecified,Unspecified,,14.0,,16.0,Diversity - September 2012,2012-09
Permanent,10-Competitive Service - Career,426953.0,763244.0,667.0,1190864.0,Diversity - December 2012,2012-12
Permanent,15-Competitive Service - Career-Conditional,71961.0,150735.0,44.0,222740.0,Diversity - December 2012,2012-12
Permanent,30-Excepted Service - Schedule A,15033.0,29267.0,17.0,44317.0,Diversity - December 2012,2012-12
Permanent,32-Excepted Service - Schedule B,1597.0,4204.0,,5802.0,Diversity - December 2012,2012-12
Permanent,35-Excepted Service - Schedule D,2393.0,4356.0,,6749.0,Diversity - December 2012,2012-12
Permanent,36-Excepted Service - Executive,5.0,25.0,,30.0,Diversity - December 2012,2012-12
Permanent,38-Excepted Service - Other,123040.0,252438.0,315.0,375793.0,Diversity - December 2012,2012-12
Permanent,50-Senior Executive Service - Career,1390.0,5907.0,,7299.0,Diversity - December 2012,2012-12
Permanent,55-Senior Executive Service - Non-Career,155.0,498.0,,654.0,Diversity - December 2012,2012-12
Permanent,**-Unspecified,7.0,11.0,,18.0,Diversity - December 2012,2012-12
Permanent,Permanent,642534.0,1210685.0,1047.0,1854266.0,Diversity - December 2012,2012-12
Non-permanent,20-Competitive Service,7014.0,17462.0,,24476.0,Diversity - December 2012,2012-12
Non-permanent,40-Excepted Service - Schedule A,5008.0,10435.0,8.0,15451.0,Diversity - December 2012,2012-12
Non-permanent,42-Excepted Service - Schedule B,1030.0,2504.0,5.0,3539.0,Diversity - December 2012,2012-12
Non-permanent,44-Excepted Service - Schedule C,434.0,941.0,,1375.0,Diversity - December 2012,2012-12
Non-permanent,45-Excepted Service - Schedule D,1851.0,2397.0,,4249.0,Diversity - December 2012,2012-12
Non-permanent,46-Excepted Service - Executive,154.0,461.0,,615.0,Diversity - December 2012,2012-12
Non-permanent,48-Excepted Service - Other,11487.0,23330.0,12.0,34829.0,Diversity - December 2012,2012-12
Non-permanent,60-Senior Executive Service - Limited Term,25.0,76.0,,101.0,Diversity - December 2012,2012-12
Non-permanent,65-Senior Executive Service - Limited Emergency,,,,,Diversity - December 2012,2012-12
Non-permanent,Non-permanent,27003.0,57607.0,26.0,84636.0,Diversity - December 2012,2012-12
Unspecified,Unspecified,,10.0,,13.0,Diversity - December 2012,2012-12
Permanent,10-Competitive Service - Career,428428.0,764195.0,635.0,1193258.0,Diversity - March 2013,2013-03
Permanent,15-Competitive Service - Career-Conditional,69443.0,142949.0,31.0,212423.0,Diversity - March 2013,2013-03
Permanent,30-Excepted Service - Schedule A,14983.0,29064.0,16.0,44063.0,Diversity - March 2013,2013-03
Permanent,32-Excepted Service - Schedule B,3200.0,6922.0,,10123.0,Diversity - March 2013,2013-03
Permanent,35-Excepted Service - Schedule D,552.0,1036.0,,1588.0,Diversity - March 2013,2013-03
Permanent,36-Excepted Service - Executive,5.0,25.0,,30.0,Diversity - March 2013,2013-03
Permanent,38-Excepted Service - Other,123646.0,252007.0,325.0,375978.0,Diversity - March 2013,2013-03
Permanent,50-Senior Executive Service - Career,1374.0,5830.0,,7206.0,Diversity - March 2013,2013-03
Permanent,55-Senior Executive Service - Non-Career,143.0,456.0,,600.0,Diversity - March 2013,2013-03
Permanent,**-Unspecified,,10.0,,13.0,Diversity - March 2013,2013-03
Permanent,Permanent,641777.0,1202494.0,1011.0,1845282.0,Diversity - March 2013,2013-03
Non-permanent,20-Competitive Service,7350.0,17042.0,,24392.0,Diversity - March 2013,2013-03
Non-permanent,40-Excepted Service - Schedule A,4435.0,9205.0,6.0,13646.0,Diversity - March 2013,2013-03
Non-permanent,42-Excepted Service - Schedule B,1479.0,2523.0,6.0,4008.0,Diversity - March 2013,2013-03
Non-permanent,44-Excepted Service - Schedule C,413.0,908.0,,1321.0,Diversity - March 2013,2013-03
Non-permanent,45-Excepted Service - Schedule D,302.0,343.0,,645.0,Diversity - March 2013,2013-03
Non-permanent,46-Excepted Service - Executive,145.0,443.0,,588.0,Diversity - March 2013,2013-03
Non-permanent,48-Excepted Service - Other,11454.0,23208.0,13.0,34675.0,Diversity - March 2013,2013-03
Non-permanent,60-Senior Executive Service - Limited Term,23.0,83.0,,106.0,Diversity - March 2013,2013-03
Non-permanent,65-Senior Executive Service - Limited Emergency,,,,,Diversity - March 2013,2013-03
Non-permanent,Non-permanent,25601.0,53758.0,25.0,79384.0,Diversity - March 2013,2013-03
Unspecified,Unspecified,,9.0,,12.0,Diversity - March 2013,2013-03
Permanent,10-Competitive Service - Career,432966.0,769134.0,620.0,1202720.0,Diversity - June 2013,2013-06
Permanent,15-Competitive Service - Career-Conditional,63305.0,129339.0,12.0,192656.0,Diversity - June 2013,2013-06
Permanent,30-Excepted Service - Schedule A,14867.0,29047.0,18.0,43932.0,Diversity - June 2013,2013-06
Permanent,32-Excepted Service - Schedule B,3442.0,7220.0,,10664.0,Diversity - June 2013,2013-06
Permanent,35-Excepted Service - Schedule D,894.0,1812.0,,2706.0,Diversity - June 2013,2013-06
Permanent,36-Excepted Service - Executive,5.0,24.0,,29.0,Diversity - June 2013,2013-06
Permanent,38-Excepted Service - Other,124388.0,251946.0,180.0,376514.0,Diversity - June 2013,2013-06
Permanent,50-Senior Executive Service - Career,1380.0,5805.0,,7187.0,Diversity - June 2013,2013-06
Permanent,55-Senior Executive Service - Non-Career,150.0,463.0,,613.0,Diversity - June 2013,2013-06
Permanent,**-Unspecified,5.0,12.0,,17.0,Diversity - June 2013,2013-06
Permanent,Permanent,641402.0,1194802.0,834.0,1837038.0,Diversity - June 2013,2013-06
Non-permanent,20-Competitive Service,7870.0,28449.0,,36319.0,Diversity - June 2013,2013-06
Non-permanent,40-Excepted Service - Schedule A,4155.0,9953.0,5.0,14113.0,Diversity - June 2013,2013-06
Non-permanent,42-Excepted Service - Schedule B,1580.0,3157.0,5.0,4742.0,Diversity - June 2013,2013-06
Non-permanent,44-Excepted Service - Schedule C,407.0,897.0,,1304.0,Diversity - June 2013,2013-06
Non-permanent,45-Excepted Service - Schedule D,1182.0,2092.0,,3275.0,Diversity - June 2013,2013-06
Non-permanent,46-Excepted Service - Executive,141.0,423.0,,564.0,Diversity - June 2013,2013-06
Non-permanent,48-Excepted Service - Other,11438.0,24126.0,5.0,35569.0,Diversity - June 2013,2013-06
Non-permanent,60-Senior Executive Service - Limited Term,19.0,83.0,,102.0,Diversity - June 2013,2013-06
Non-permanent,65-Senior Executive Service - Limited Emergency,,,,,Diversity - June 2013,2013-06
Non-permanent,Non-permanent,26792.0,69183.0,16.0,95991.0,Diversity - June 2013,2013-06
Unspecified,Unspecified,,13.0,,15.0,Diversity - June 2013,2013-06
Permanent,10-Competitive Service - Career,438925.0,779190.0,400.0,1218515.0,Diversity - September 2013,2013-09
Permanent,15-Competitive Service - Career-Conditional,56583.0,115353.0,6.0,171942.0,Diversity - September 2013,2013-09
Permanent,30-Excepted Service - Schedule A,14917.0,29178.0,10.0,44105.0,Diversity - September 2013,2013-09
Permanent,32-Excepted Service - Schedule B,2751.0,5698.0,,8450.0,Diversity - September 2013,2013-09
Permanent,35-Excepted Service - Schedule D,1008.0,1820.0,4.0,2832.0,Diversity - September 2013,2013-09
Permanent,36-Excepted Service - Executive,5.0,25.0,,30.0,Diversity - September 2013,2013-09
Permanent,38-Excepted Service - Other,125374.0,252525.0,119.0,378018.0,Diversity - September 2013,2013-09
Permanent,50-Senior Executive Service - Career,1395.0,5792.0,,7189.0,Diversity - September 2013,2013-09
Permanent,55-Senior Executive Service - Non-Career,159.0,466.0,,625.0,Diversity - September 2013,2013-09
Permanent,**-Unspecified,4.0,13.0,,17.0,Diversity - September 2013,2013-09
Permanent,Permanent,641121.0,1190060.0,542.0,1831723.0,Diversity - September 2013,2013-09
Non-permanent,20-Competitive Service,7524.0,25849.0,,33373.0,Diversity - September 2013,2013-09
Non-permanent,40-Excepted Service - Schedule A,3645.0,8528.0,,12175.0,Diversity - September 2013,2013-09
Non-permanent,42-Excepted Service - Schedule B,1029.0,1862.0,,2891.0,Diversity - September 2013,2013-09
Non-permanent,44-Excepted Service - Schedule C,416.0,892.0,,1308.0,Diversity - September 2013,2013-09
Non-permanent,45-Excepted Service - Schedule D,709.0,969.0,,1678.0,Diversity - September 2013,2013-09
Non-permanent,46-Excepted Service - Executive,142.0,420.0,,562.0,Diversity - September 2013,2013-09
Non-permanent,48-Excepted Service - Other,11178.0,22868.0,,34048.0,Diversity - September 2013,2013-09
Non-permanent,60-Senior Executive Service - Limited Term,16.0,76.0,,92.0,Diversity - September 2013,2013-09
Non-permanent,65-Senior Executive Service - Limited Emergency,,,,,Diversity - September 2013,2013-09
Non-permanent,Non-permanent,24659.0,61466.0,4.0,86129.0,Diversity - September 2013,2013-09
Unspecified,Unspecified,,6.0,,7.0,Diversity - September 2013,2013-09
Permanent,10-Competitive Service - Career,442622.0,783900.0,363.0,1226885.0,Diversity - December 2013,2013-12
Permanent,15-Competitive Service - Career-Conditional,52158.0,105645.0,5.0,157808.0,Diversity - December 2013,2013-12
Permanent,30-Excepted Service - Schedule A,14789.0,29232.0,9.0,44030.0,Diversity - December 2013,2013-12
Permanent,32-Excepted Service - Schedule B,2522.0,5392.0,,7915.0,Diversity - December 2013,2013-12
Permanent,35-Excepted Service - Schedule D,1214.0,2067.0,4.0,3285.0,Diversity - December 2013,2013-12
Permanent,36-Excepted Service - Executive,4.0,25.0,,29.0,Diversity - December 2013,2013-12
Permanent,38-Excepted Service - Other,126762.0,253410.0,114.0,380286.0,Diversity - December 2013,2013-12
Permanent,50-Senior Executive Service - Career,1391.0,5794.0,,7187.0,Diversity - December 2013,2013-12
Permanent,55-Senior Executive Service - Non-Career,169.0,478.0,,647.0,Diversity - December 2013,2013-12
Permanent,**-Unspecified,4.0,16.0,,20.0,Diversity - December 2013,2013-12
Permanent,Permanent,641635.0,1185959.0,498.0,1828092.0,Diversity - December 2013,2013-12
Non-permanent,20-Competitive Service,6185.0,15673.0,,21858.0,Diversity - December 2013,2013-12
Non-permanent,40-Excepted Service - Schedule A,3263.0,7204.0,,10468.0,Diversity - December 2013,2013-12
Non-permanent,42-Excepted Service - Schedule B,858.0,1630.0,,2488.0,Diversity - December 2013,2013-12
Non-permanent,44-Excepted Service - Schedule C,430.0,882.0,,1312.0,Diversity - December 2013,2013-12
Non-permanent,45-Excepted Service - Schedule D,626.0,759.0,,1385.0,Diversity - December 2013,2013-12
Non-permanent,46-Excepted Service - Executive,142.0,426.0,,568.0,Diversity - December 2013,2013-12
Non-permanent,48-Excepted Service - Other,11011.0,21936.0,,32949.0,Diversity - December 2013,2013-12
Non-permanent,60-Senior Executive Service - Limited Term,17.0,80.0,,97.0,Diversity - December 2013,2013-12
Non-permanent,65-Senior Executive Service - Limited Emergency,,,,,Diversity - December 2013,2013-12
Non-permanent,Non-permanent,22532.0,48591.0,,71126.0,Diversity - December 2013,2013-12
Unspecified,Unspecified,,9.0,,10.0,Diversity - December 2013,2013-12
Permanent,10-Competitive Service - Career,442416.0,780930.0,361.0,1223707.0,Diversity - March 2014,2014-03
Permanent,15-Competitive Service - Career-Conditional,48395.0,98034.0,4.0,146433.0,Diversity - March 2014,2014-03
Permanent,30-Excepted Service - Schedule A,14785.0,28988.0,9.0,43782.0,Diversity - March 2014,2014-03
Permanent,32-Excepted Service - Schedule B,2320.0,4945.0,,7266.0,Diversity - March 2014,2014-03
Permanent,35-Excepted Service - Schedule D,1249.0,2162.0,4.0,3415.0,Diversity - March 2014,2014-03
Permanent,36-Excepted Service - Executive,4.0,26.0,,30.0,Diversity - March 2014,2014-03
Permanent,38-Excepted Service - Other,127301.0,252762.0,111.0,380174.0,Diversity - March 2014,2014-03
Permanent,50-Senior Executive Service - Career,1365.0,5688.0,,7054.0,Diversity - March 2014,2014-03
Permanent,55-Senior Executive Service - Non-Career,173.0,483.0,,656.0,Diversity - March 2014,2014-03
Permanent,**-Unspecified,6.0,21.0,,27.0,Diversity - March 2014,2014-03
Permanent,Permanent,638014.0,1174039.0,491.0,1812544.0,Diversity - March 2014,2014-03
Non-permanent,20-Competitive Service,5929.0,14994.0,,20923.0,Diversity - March 2014,2014-03
Non-permanent,40-Excepted Service - Schedule A,3170.0,7084.0,,10255.0,Diversity - March 2014,2014-03
Non-permanent,42-Excepted Service - Schedule B,711.0,1317.0,,2028.0,Diversity - March 2014,2014-03
Non-permanent,44-Excepted Service - Schedule C,444.0,886.0,,1330.0,Diversity - March 2014,2014-03
Non-permanent,45-Excepted Service - Schedule D,521.0,578.0,,1099.0,Diversity - March 2014,2014-03
Non-permanent,46-Excepted Service - Executive,138.0,413.0,,551.0,Diversity - March 2014,2014-03
Non-permanent,48-Excepted Service - Other,11074.0,22210.0,,33286.0,Diversity - March 2014,2014-03
Non-permanent,60-Senior Executive Service - Limited Term,18.0,79.0,,97.0,Diversity - March 2014,2014-03
Non-permanent,65-Senior Executive Service - Limited Emergency,,,,,Diversity - March 2014,2014-03
Non-permanent,Non-permanent,22005.0,47562.0,,69570.0,Diversity - March 2014,2014-03
Unspecified,Unspecified,,9.0,,10.0,Diversity - March 2014,2014-03
Permanent,10-Competitive Service - Career,443453.0,778844.0,260.0,1222557.0,Diversity - June 2014,2014-06
Permanent,15-Competitive Service - Career-Conditional,48888.0,97396.0,5.0,146289.0,Diversity - June 2014,2014-06
Permanent,30-Excepted Service - Schedule A,14938.0,28970.0,6.0,43914.0,Diversity - June 2014,2014-06
Permanent,32-Excepted Service - Schedule B,2215.0,4897.0,,7113.0,Diversity - June 2014,2014-06
Permanent,35-Excepted Service - Schedule D,1950.0,3636.0,,5586.0,Diversity - June 2014,2014-06
Permanent,36-Excepted Service - Executive,4.0,26.0,,30.0,Diversity - June 2014,2014-06
Permanent,38-Excepted Service - Other,129440.0,253527.0,104.0,383071.0,Diversity - June 2014,2014-06
Permanent,50-Senior Executive Service - Career,1369.0,5641.0,,7010.0,Diversity - June 2014,2014-06
Permanent,55-Senior Executive Service - Non-Career,184.0,478.0,,662.0,Diversity - June 2014,2014-06
Permanent,**-Unspecified,5.0,15.0,,20.0,Diversity - June 2014,2014-06
Permanent,Permanent,642446.0,1173430.0,376.0,1816252.0,Diversity - June 2014,2014-06
Non-permanent,20-Competitive Service,7231.0,28992.0,,36223.0,Diversity - June 2014,2014-06
Non-permanent,40-Excepted Service - Schedule A,3702.0,9175.0,,12878.0,Diversity - June 2014,2014-06
Non-permanent,42-Excepted Service - Schedule B,816.0,1714.0,,2530.0,Diversity - June 2014,2014-06
Non-permanent,44-Excepted Service - Schedule C,449.0,872.0,,1321.0,Diversity - June 2014,2014-06
Non-permanent,45-Excepted Service - Schedule D,1741.0,3598.0,,5339.0,Diversity - June 2014,2014-06
Non-permanent,46-Excepted Service - Executive,152.0,422.0,,574.0,Diversity - June 2014,2014-06
Non-permanent,48-Excepted Service - Other,11515.0,23678.0,,35195.0,Diversity - June 2014,2014-06
Non-permanent,60-Senior Executive Service - Limited Term,17.0,78.0,,95.0,Diversity - June 2014,2014-06
Non-permanent,65-Senior Executive Service - Limited Emergency,,,,,Diversity - June 2014,2014-06
Non-permanent,Non-permanent,25623.0,68530.0,,94156.0,Diversity - June 2014,2014-06
Unspecified,Unspecified,,8.0,,9.0,Diversity - June 2014,2014-06
Permanent,10-Competitive Service - Career,445670.0,780028.0,258.0,1225956.0,Diversity - September 2014,2014-09
Permanent,15-Competitive Service - Career-Conditional,50076.0,98156.0,6.0,148238.0,Diversity - September 2014,2014-09
Permanent,30-Excepted Service - Schedule A,15202.0,29197.0,6.0,44405.0,Diversity - September 2014,2014-09
Permanent,32-Excepted Service - Schedule B,1875.0,4149.0,,6025.0,Diversity - September 2014,2014-09
Permanent,35-Excepted Service - Schedule D,2438.0,3573.0,,6011.0,Diversity - September 2014,2014-09
Permanent,36-Excepted Service - Executive,4.0,29.0,,33.0,Diversity - September 2014,2014-09
Permanent,38-Excepted Service - Other,131346.0,255932.0,107.0,387385.0,Diversity - September 2014,2014-09
Permanent,50-Senior Executive Service - Career,1390.0,5621.0,,7011.0,Diversity - September 2014,2014-09
Permanent,55-Senior Executive Service - Non-Career,199.0,483.0,,682.0,Diversity - September 2014,2014-09
Permanent,**-Unspecified,5.0,11.0,,16.0,Diversity - September 2014,2014-09
Permanent,Permanent,648205.0,1177179.0,378.0,1825762.0,Diversity - September 2014,2014-09
Non-permanent,20-Competitive Service,7052.0,26068.0,,33120.0,Diversity - September 2014,2014-09
Non-permanent,40-Excepted Service - Schedule A,3499.0,8399.0,,11899.0,Diversity - September 2014,2014-09
Non-permanent,42-Excepted Service - Schedule B,647.0,1340.0,,1987.0,Diversity - September 2014,2014-09
Non-permanent,44-Excepted Service - Schedule C,492.0,895.0,,1387.0,Diversity - September 2014,2014-09
Non-permanent,45-Excepted Service - Schedule D,1177.0,1705.0,,2882.0,Diversity - September 2014,2014-09
Non-permanent,46-Excepted Service - Executive,146.0,432.0,,578.0,Diversity - September 2014,2014-09
Non-permanent,48-Excepted Service - Other,11491.0,23181.0,,34674.0,Diversity - September 2014,2014-09
Non-permanent,60-Senior Executive Service - Limited Term,18.0,77.0,,95.0,Diversity - September 2014,2014-09
Non-permanent,65-Senior Executive Service - Limited Emergency,,,,,Diversity - September 2014,2014-09
Non-permanent,Non-permanent,24522.0,62099.0,,86624.0,Diversity - September 2014,2014-09
Unspecified,Unspecified,,8.0,,10.0,Diversity - September 2014,2014-09
Permanent,10-Competitive Service - Career,444113.0,777194.0,251.0,1221558.0,Diversity - December 2014,2014-12
Permanent,15-Competitive Service - Career-Conditional,50733.0,99580.0,7.0,150320.0,Diversity - December 2014,2014-12
Permanent,30-Excepted Service - Schedule A,15377.0,29472.0,6.0,44855.0,Diversity - December 2014,2014-12
Permanent,32-Excepted Service - Schedule B,1781.0,4064.0,,5846.0,Diversity - December 2014,2014-12
Permanent,35-Excepted Service - Schedule D,2850.0,4181.0,,7031.0,Diversity - December 2014,2014-12
Permanent,36-Excepted Service - Executive,4.0,30.0,,34.0,Diversity - December 2014,2014-12
Permanent,38-Excepted Service - Other,132972.0,257681.0,105.0,390758.0,Diversity - December 2014,2014-12
Permanent,50-Senior Executive Service - Career,1405.0,5697.0,,7102.0,Diversity - December 2014,2014-12
Permanent,55-Senior Executive Service - Non-Career,203.0,491.0,,694.0,Diversity - December 2014,2014-12
Permanent,**-Unspecified,7.0,12.0,,19.0,Diversity - December 2014,2014-12
Permanent,Permanent,649445.0,1178402.0,370.0,1828217.0,Diversity - December 2014,2014-12
Non-permanent,20-Competitive Service,5543.0,15571.0,,21114.0,Diversity - December 2014,2014-12
Non-permanent,40-Excepted Service - Schedule A,3103.0,7439.0,,10543.0,Diversity - December 2014,2014-12
Non-permanent,42-Excepted Service - Schedule B,607.0,1364.0,,1971.0,Diversity - December 2014,2014-12
Non-permanent,44-Excepted Service - Schedule C,529.0,920.0,,1449.0,Diversity - December 2014,2014-12
Non-permanent,45-Excepted Service - Schedule D,825.0,1240.0,,2065.0,Diversity - December 2014,2014-12
Non-permanent,46-Excepted Service - Executive,148.0,445.0,,593.0,Diversity - December 2014,2014-12
Non-permanent,48-Excepted Service - Other,11565.0,22766.0,,34333.0,Diversity - December 2014,2014-12
Non-permanent,60-Senior Executive Service - Limited Term,19.0,73.0,,92.0,Diversity - December 2014,2014-12
Non-permanent,65-Senior Executive Service - Limited Emergency,,,,,Diversity - December 2014,2014-12
Non-permanent,Non-permanent,22340.0,49819.0,,72162.0,Diversity - December 2014,2014-12
Unspecified,Unspecified,,6.0,,8.0,Diversity - December 2014,2014-12
Permanent,10-Competitive Service - Career,441731.0,769343.0,254.0,1211328.0,Diversity - March 2015,2015-03
Permanent,15-Competitive Service - Career-Conditional,52168.0,101254.0,7.0,153429.0,Diversity - March 2015,2015-03
Permanent,30-Excepted Service - Schedule A,15609.0,29593.0,7.0,45209.0,Diversity - March 2015,2015-03
Permanent,32-Excepted Service - Schedule B,1666.0,3834.0,,5501.0,Diversity - March 2015,2015-03
Permanent,35-Excepted Service - Schedule D,2875.0,4251.0,,7126.0,Diversity - March 2015,2015-03
Permanent,36-Excepted Service - Executive,4.0,28.0,,32.0,Diversity - March 2015,2015-03
Permanent,38-Excepted Service - Other,134349.0,257827.0,102.0,392278.0,Diversity - March 2015,2015-03
Permanent,50-Senior Executive Service - Career,1411.0,5643.0,,7054.0,Diversity - March 2015,2015-03
Permanent,55-Senior Executive Service - Non-Career,210.0,527.0,,737.0,Diversity - March 2015,2015-03
Permanent,**-Unspecified,4.0,12.0,,16.0,Diversity - March 2015,2015-03
Permanent,Permanent,650027.0,1172312.0,371.0,1822710.0,Diversity - March 2015,2015-03
Non-permanent,20-Competitive Service,5686.0,15682.0,,21368.0,Diversity - March 2015,2015-03
Non-permanent,40-Excepted Service - Schedule A,3179.0,7623.0,,10803.0,Diversity - March 2015,2015-03
Non-permanent,42-Excepted Service - Schedule B,571.0,1321.0,,1892.0,Diversity - March 2015,2015-03
Non-permanent,44-Excepted Service - Schedule C,540.0,927.0,,1467.0,Diversity - March 2015,2015-03
Non-permanent,45-Excepted Service - Schedule D,643.0,863.0,,1506.0,Diversity - March 2015,2015-03
Non-permanent,46-Excepted Service - Executive,148.0,431.0,,579.0,Diversity - March 2015,2015-03
Non-permanent,48-Excepted Service - Other,11744.0,22798.0,,34544.0,Diversity - March 2015,2015-03
Non-permanent,60-Senior Executive Service - Limited Term,16.0,69.0,,85.0,Diversity - March 2015,2015-03
Non-permanent,65-Senior Executive Service - Limited Emergency,,,,,Diversity - March 2015,2015-03
Non-permanent,Non-permanent,22528.0,49715.0,,72246.0,Diversity - March 2015,2015-03
Unspecified,Unspecified,,6.0,,8.0,Diversity - March 2015,2015-03
Permanent,10-Competitive Service - Career,442285.0,766681.0,271.0,1209237.0,Diversity - June 2015,2015-06
Permanent,15-Competitive Service - Career-Conditional,53958.0,103579.0,19.0,157556.0,Diversity - June 2015,2015-06
Permanent,30-Excepted Service - Schedule A,15993.0,29889.0,7.0,45889.0,Diversity - June 2015,2015-06
Permanent,32-Excepted Service - Schedule B,1646.0,3829.0,,5476.0,Diversity - June 2015,2015-06
Permanent,35-Excepted Service - Schedule D,3888.0,6427.0,,10316.0,Diversity - June 2015,2015-06
Permanent,36-Excepted Service - Executive,4.0,29.0,,33.0,Diversity - June 2015,2015-06
Permanent,38-Excepted Service - Other,137350.0,259771.0,164.0,397285.0,Diversity - June 2015,2015-06
Permanent,50-Senior Executive Service - Career,1427.0,5650.0,,7077.0,Diversity - June 2015,2015-06
Permanent,55-Senior Executive Service - Non-Career,206.0,530.0,,736.0,Diversity - June 2015,2015-06
Permanent,**-Unspecified,5.0,10.0,,15.0,Diversity - June 2015,2015-06
Permanent,Permanent,656762.0,1176395.0,463.0,1833620.0,Diversity - June 2015,2015-06
Non-permanent,20-Competitive Service,8140.0,29135.0,21.0,37296.0,Diversity - June 2015,2015-06
Non-permanent,40-Excepted Service - Schedule A,3759.0,10083.0,,13843.0,Diversity - June 2015,2015-06
Non-permanent,42-Excepted Service - Schedule B,612.0,1537.0,,2149.0,Diversity - June 2015,2015-06
Non-permanent,44-Excepted Service - Schedule C,537.0,937.0,,1474.0,Diversity - June 2015,2015-06
Non-permanent,45-Excepted Service - Schedule D,1915.0,3694.0,6.0,5615.0,Diversity - June 2015,2015-06
Non-permanent,46-Excepted Service - Executive,147.0,431.0,,578.0,Diversity - June 2015,2015-06
Non-permanent,48-Excepted Service - Other,12270.0,24670.0,25.0,36965.0,Diversity - June 2015,2015-06
Non-permanent,60-Senior Executive Service - Limited Term,17.0,68.0,,85.0,Diversity - June 2015,2015-06
Non-permanent,65-Senior Executive Service - Limited Emergency,,,,,Diversity - June 2015,2015-06
Non-permanent,Non-permanent,27397.0,70556.0,53.0,98006.0,Diversity - June 2015,2015-06
Unspecified,Unspecified,,11.0,6.0,18.0,Diversity - June 2015,2015-06
Permanent,10-Competitive Service - Career,445223.0,768230.0,295.0,1213748.0,Diversity - September 2015,2015-09
Permanent,15-Competitive Service - Career-Conditional,56087.0,106036.0,34.0,162157.0,Diversity - September 2015,2015-09
Permanent,30-Excepted Service - Schedule A,16274.0,30378.0,8.0,46660.0,Diversity - September 2015,2015-09
Permanent,32-Excepted Service - Schedule B,1437.0,3458.0,,4896.0,Diversity - September 2015,2015-09
Permanent,35-Excepted Service - Schedule D,3695.0,5453.0,,9149.0,Diversity - September 2015,2015-09
Permanent,36-Excepted Service - Executive,4.0,29.0,,33.0,Diversity - September 2015,2015-09
Permanent,38-Excepted Service - Other,140734.0,262885.0,332.0,403951.0,Diversity - September 2015,2015-09
Permanent,50-Senior Executive Service - Career,1449.0,5689.0,,7138.0,Diversity - September 2015,2015-09
Permanent,55-Senior Executive Service - Non-Career,201.0,546.0,,747.0,Diversity - September 2015,2015-09
Permanent,**-Unspecified,4.0,11.0,,15.0,Diversity - September 2015,2015-09
Permanent,Permanent,665108.0,1182715.0,671.0,1848494.0,Diversity - September 2015,2015-09
Non-permanent,20-Competitive Service,7849.0,26815.0,25.0,34689.0,Diversity - September 2015,2015-09
Non-permanent,40-Excepted Service - Schedule A,3801.0,9504.0,,13308.0,Diversity - September 2015,2015-09
Non-permanent,42-Excepted Service - Schedule B,552.0,1455.0,,2007.0,Diversity - September 2015,2015-09
Non-permanent,44-Excepted Service - Schedule C,543.0,952.0,,1495.0,Diversity - September 2015,2015-09
Non-permanent,45-Excepted Service - Schedule D,1180.0,1600.0,,2781.0,Diversity - September 2015,2015-09
Non-permanent,46-Excepted Service - Executive,149.0,419.0,,568.0,Diversity - September 2015,2015-09
Non-permanent,48-Excepted Service - Other,12408.0,24387.0,96.0,36891.0,Diversity - September 2015,2015-09
Non-permanent,60-Senior Executive Service - Limited Term,17.0,66.0,,83.0,Diversity - September 2015,2015-09
Non-permanent,65-Senior Executive Service - Limited Emergency,,,,,Diversity - September 2015,2015-09
Non-permanent,Non-permanent,26499.0,65199.0,125.0,91823.0,Diversity - September 2015,2015-09
Unspecified,Unspecified,8.0,16.0,6.0,30.0,Diversity - September 2015,2015-09
Permanent,10-Competitive Service - Career,446234.0,768305.0,243.0,1214782.0,Diversity - December 2015,2015-12
Permanent,15-Competitive Service - Career-Conditional,57356.0,107788.0,9.0,165153.0,Diversity - December 2015,2015-12
Permanent,30-Excepted Service - Schedule A,16752.0,31015.0,7.0,47774.0,Diversity - December 2015,2015-12
Permanent,32-Excepted Service - Schedule B,1367.0,3300.0,,4668.0,Diversity - December 2015,2015-12
Permanent,35-Excepted Service - Schedule D,4064.0,6009.0,,10075.0,Diversity - December 2015,2015-12
Permanent,36-Excepted Service - Executive,4.0,29.0,,33.0,Diversity - December 2015,2015-12
Permanent,38-Excepted Service - Other,142083.0,264194.0,129.0,406406.0,Diversity - December 2015,2015-12
Permanent,50-Senior Executive Service - Career,1476.0,5735.0,,7211.0,Diversity - December 2015,2015-12
Permanent,55-Senior Executive Service - Non-Career,205.0,543.0,,748.0,Diversity - December 2015,2015-12
Permanent,**-Unspecified,7.0,13.0,,20.0,Diversity - December 2015,2015-12
Permanent,Permanent,669548.0,1186931.0,391.0,1856870.0,Diversity - December 2015,2015-12
Non-permanent,20-Competitive Service,6136.0,16773.0,,22910.0,Diversity - December 2015,2015-12
Non-permanent,40-Excepted Service - Schedule A,3356.0,8219.0,,11576.0,Diversity - December 2015,2015-12
Non-permanent,42-Excepted Service - Schedule B,554.0,1554.0,,2108.0,Diversity - December 2015,2015-12
Non-permanent,44-Excepted Service - Schedule C,559.0,976.0,,1535.0,Diversity - December 2015,2015-12
Non-permanent,45-Excepted Service - Schedule D,749.0,1031.0,,1783.0,Diversity - December 2015,2015-12
Non-permanent,46-Excepted Service - Executive,149.0,419.0,,568.0,Diversity - December 2015,2015-12
Non-permanent,48-Excepted Service - Other,12237.0,23803.0,19.0,36059.0,Diversity - December 2015,2015-12
Non-permanent,60-Senior Executive Service - Limited Term,18.0,68.0,,86.0,Diversity - December 2015,2015-12
Non-permanent,65-Senior Executive Service - Limited Emergency,,,,,Diversity - December 2015,2015-12
Non-permanent,Non-permanent,23758.0,52844.0,24.0,76626.0,Diversity - December 2015,2015-12
Unspecified,Unspecified,8.0,19.0,,28.0,Diversity - December 2015,2015-12
Permanent,10-Competitive Service - Career,440769.0,758567.0,246.0,1199582.0,Diversity - March 2016,2016-03
Permanent,15-Competitive Service - Career-Conditional,58460.0,109116.0,10.0,167586.0,Diversity - March 2016,2016-03
Permanent,30-Excepted Service - Schedule A,16955.0,31081.0,6.0,48042.0,Diversity - March 2016,2016-03
Permanent,32-Excepted Service - Schedule B,1320.0,3134.0,,4455.0,Diversity - March 2016,2016-03
Permanent,35-Excepted Service - Schedule D,4076.0,5667.0,,9744.0,Diversity - March 2016,2016-03
Permanent,36-Excepted Service - Executive,4.0,29.0,,33.0,Diversity - March 2016,2016-03
Permanent,38-Excepted Service - Other,144415.0,265179.0,119.0,409713.0,Diversity - March 2016,2016-03
Permanent,50-Senior Executive Service - Career,1464.0,5738.0,,7202.0,Diversity - March 2016,2016-03
Permanent,55-Senior Executive Service - Non-Career,201.0,544.0,,745.0,Diversity - March 2016,2016-03
Permanent,**-Unspecified,5.0,9.0,,14.0,Diversity - March 2016,2016-03
Permanent,Permanent,667669.0,1179064.0,383.0,1847116.0,Diversity - March 2016,2016-03
Non-permanent,20-Competitive Service,6133.0,16650.0,7.0,22790.0,Diversity - March 2016,2016-03
Non-permanent,40-Excepted Service - Schedule A,3375.0,8274.0,4.0,11653.0,Diversity - March 2016,2016-03
Non-permanent,42-Excepted Service - Schedule B,590.0,1590.0,,2180.0,Diversity - March 2016,2016-03
Non-permanent,44-Excepted Service - Schedule C,556.0,970.0,,1526.0,Diversity - March 2016,2016-03
Non-permanent,45-Excepted Service - Schedule D,600.0,709.0,,1312.0,Diversity - March 2016,2016-03
Non-permanent,46-Excepted Service - Executive,154.0,414.0,,568.0,Diversity - March 2016,2016-03
Non-permanent,48-Excepted Service - Other,12232.0,23893.0,19.0,36144.0,Diversity - March 2016,2016-03
Non-permanent,60-Senior Executive Service - Limited Term,18.0,67.0,,85.0,Diversity - March 2016,2016-03
Non-permanent,65-Senior Executive Service - Limited Emergency,,,,,Diversity - March 2016,2016-03
Non-permanent,Non-permanent,23659.0,52569.0,33.0,76261.0,Diversity - March 2016,2016-03
Unspecified,Unspecified,14.0,21.0,,36.0,Diversity - March 2016,2016-03
Permanent,10-Competitive Service - Career,439052.0,750834.0,260.0,1190146.0,Diversity - June 2016,2016-06
Permanent,15-Competitive Service - Career-Conditional,63124.0,116284.0,37.0,179445.0,Diversity - June 2016,2016-06
Permanent,30-Excepted Service - Schedule A,17244.0,31450.0,9.0,48703.0,Diversity - June 2016,2016-06
Permanent,32-Excepted Service - Schedule B,1342.0,3203.0,,4546.0,Diversity - June 2016,2016-06
Permanent,35-Excepted Service - Schedule D,5002.0,7776.0,,12780.0,Diversity - June 2016,2016-06
Permanent,36-Excepted Service - Executive,4.0,29.0,,33.0,Diversity - June 2016,2016-06
Permanent,38-Excepted Service - Other,147038.0,266714.0,113.0,413865.0,Diversity - June 2016,2016-06
Permanent,50-Senior Executive Service - Career,1496.0,5764.0,,7260.0,Diversity - June 2016,2016-06
Permanent,55-Senior Executive Service - Non-Career,205.0,542.0,,747.0,Diversity - June 2016,2016-06
Permanent,**-Unspecified,8.0,11.0,,19.0,Diversity - June 2016,2016-06
Permanent,Permanent,674515.0,1182607.0,422.0,1857544.0,Diversity - June 2016,2016-06
Non-permanent,20-Competitive Service,8614.0,30153.0,541.0,39308.0,Diversity - June 2016,2016-06
Non-permanent,40-Excepted Service - Schedule A,3997.0,10483.0,87.0,14567.0,Diversity - June 2016,2016-06
Non-permanent,42-Excepted Service - Schedule B,656.0,1768.0,,2424.0,Diversity - June 2016,2016-06
Non-permanent,44-Excepted Service - Schedule C,551.0,975.0,,1526.0,Diversity - June 2016,2016-06
Non-permanent,45-Excepted Service - Schedule D,2130.0,3571.0,80.0,5781.0,Diversity - June 2016,2016-06
Non-permanent,46-Excepted Service - Executive,156.0,397.0,,553.0,Diversity - June 2016,2016-06
Non-permanent,48-Excepted Service - Other,12721.0,25432.0,23.0,38176.0,Diversity - June 2016,2016-06
Non-permanent,60-Senior Executive Service - Limited Term,17.0,74.0,,91.0,Diversity - June 2016,2016-06
Non-permanent,65-Senior Executive Service - Limited Emergency,,,,4.0,Diversity - June 2016,2016-06
Non-permanent,Non-permanent,28843.0,72856.0,731.0,102430.0,Diversity - June 2016,2016-06
Unspecified,Unspecified,26.0,31.0,,58.0,Diversity - June 2016,2016-06
Permanent,10-Competitive Service - Career,439105.0,748410.0,278.0,1187793.0,Diversity - September 2016,2016-09
Permanent,15-Competitive Service - Career-Conditional,67392.0,122394.0,84.0,189870.0,Diversity - September 2016,2016-09
Permanent,30-Excepted Service - Schedule A,17644.0,31799.0,9.0,49452.0,Diversity - September 2016,2016-09
Permanent,32-Excepted Service - Schedule B,1281.0,3108.0,,4390.0,Diversity - September 2016,2016-09
Permanent,35-Excepted Service - Schedule D,4441.0,6237.0,4.0,10682.0,Diversity - September 2016,2016-09
Permanent,36-Excepted Service - Executive,4.0,28.0,,32.0,Diversity - September 2016,2016-09
Permanent,38-Excepted Service - Other,149582.0,268017.0,116.0,417715.0,Diversity - September 2016,2016-09
Permanent,50-Senior Executive Service - Career,1524.0,5812.0,,7336.0,Diversity - September 2016,2016-09
Permanent,55-Senior Executive Service - Non-Career,194.0,542.0,,736.0,Diversity - September 2016,2016-09
Permanent,**-Unspecified,12.0,9.0,,21.0,Diversity - September 2016,2016-09
Permanent,Permanent,681179.0,1186356.0,492.0,1868027.0,Diversity - September 2016,2016-09
Non-permanent,20-Competitive Service,8155.0,27457.0,561.0,36173.0,Diversity - September 2016,2016-09
Non-permanent,40-Excepted Service - Schedule A,3962.0,9903.0,71.0,13936.0,Diversity - September 2016,2016-09
Non-permanent,42-Excepted Service - Schedule B,669.0,1850.0,,2519.0,Diversity - September 2016,2016-09
Non-permanent,44-Excepted Service - Schedule C,539.0,976.0,,1515.0,Diversity - September 2016,2016-09
Non-permanent,45-Excepted Service - Schedule D,1114.0,1299.0,26.0,2439.0,Diversity - September 2016,2016-09
Non-permanent,46-Excepted Service - Executive,152.0,390.0,,542.0,Diversity - September 2016,2016-09
Non-permanent,48-Excepted Service - Other,12441.0,24686.0,20.0,37147.0,Diversity - September 2016,2016-09
Non-permanent,60-Senior Executive Service - Limited Term,17.0,69.0,,86.0,Diversity - September 2016,2016-09
Non-permanent,65-Senior Executive Service - Limited Emergency,,,,4.0,Diversity - September 2016,2016-09
Non-permanent,Non-permanent,27050.0,66633.0,678.0,94361.0,Diversity - September 2016,2016-09
Unspecified,Unspecified,93.0,143.0,,237.0,Diversity - September 2016,2016-09
Permanent,10-Competitive Service - Career,439169.0,745322.0,293.0,1184784.0,Diversity - December 2016,2016-12
Permanent,15-Competitive Service - Career-Conditional,71574.0,127007.0,111.0,198692.0,Diversity - December 2016,2016-12
Permanent,30-Excepted Service - Schedule A,18132.0,32372.0,11.0,50515.0,Diversity - December 2016,2016-12
Permanent,32-Excepted Service - Schedule B,1225.0,3044.0,,4270.0,Diversity - December 2016,2016-12
Permanent,35-Excepted Service - Schedule D,4445.0,6336.0,12.0,10793.0,Diversity - December 2016,2016-12
Permanent,36-Excepted Service - Executive,4.0,28.0,,32.0,Diversity - December 2016,2016-12
Permanent,38-Excepted Service - Other,152118.0,269373.0,131.0,421622.0,Diversity - December 2016,2016-12
Permanent,50-Senior Executive Service - Career,1564.0,5921.0,,7485.0,Diversity - December 2016,2016-12
Permanent,55-Senior Executive Service - Non-Career,192.0,532.0,,724.0,Diversity - December 2016,2016-12
Permanent,**-Unspecified,7.0,11.0,,18.0,Diversity - December 2016,2016-12
Permanent,Permanent,688430.0,1189946.0,559.0,1878935.0,Diversity - December 2016,2016-12
Non-permanent,20-Competitive Service,6286.0,16933.0,171.0,23390.0,Diversity - December 2016,2016-12
Non-permanent,40-Excepted Service - Schedule A,3717.0,8735.0,21.0,12473.0,Diversity - December 2016,2016-12
Non-permanent,42-Excepted Service - Schedule B,702.0,1877.0,,2579.0,Diversity - December 2016,2016-12
Non-permanent,44-Excepted Service - Schedule C,519.0,930.0,,1449.0,Diversity - December 2016,2016-12
Non-permanent,45-Excepted Service - Schedule D,721.0,803.0,11.0,1535.0,Diversity - December 2016,2016-12
Non-permanent,46-Excepted Service - Executive,142.0,377.0,,519.0,Diversity - December 2016,2016-12
Non-permanent,48-Excepted Service - Other,12578.0,24132.0,11.0,36721.0,Diversity - December 2016,2016-12
Non-permanent,60-Senior Executive Service - Limited Term,13.0,72.0,,85.0,Diversity - December 2016,2016-12
Non-permanent,65-Senior Executive Service - Limited Emergency,,,,4.0,Diversity - December 2016,2016-12
Non-permanent,Non-permanent,24679.0,53862.0,214.0,78755.0,Diversity - December 2016,2016-12
Unspecified,Unspecified,135.0,181.0,,319.0,Diversity - December 2016,2016-12
Permanent,10-Competitive Service - Career,437765.0,737345.0,323.0,1175433.0,Diversity - March 2017,2017-03
Permanent,15-Competitive Service - Career-Conditional,74985.0,129802.0,140.0,204927.0,Diversity - March 2017,2017-03
Permanent,30-Excepted Service - Schedule A,18301.0,32575.0,21.0,50897.0,Diversity - March 2017,2017-03
Permanent,32-Excepted Service - Schedule B,1221.0,3053.0,,4275.0,Diversity - March 2017,2017-03
Permanent,35-Excepted Service - Schedule D,4430.0,5911.0,11.0,10352.0,Diversity - March 2017,2017-03
Permanent,36-Excepted Service - Executive,4.0,27.0,,31.0,Diversity - March 2017,2017-03
Permanent,38-Excepted Service - Other,153331.0,269118.0,140.0,422589.0,Diversity - March 2017,2017-03
Permanent,50-Senior Executive Service - Career,1592.0,5919.0,,7511.0,Diversity - March 2017,2017-03
Permanent,55-Senior Executive Service - Non-Career,9.0,121.0,,130.0,Diversity - March 2017,2017-03
Permanent,**-Unspecified,9.0,9.0,,18.0,Diversity - March 2017,2017-03
Permanent,Permanent,691647.0,1183880.0,636.0,1876163.0,Diversity - March 2017,2017-03
Non-permanent,20-Competitive Service,5984.0,15740.0,161.0,21885.0,Diversity - March 2017,2017-03
Non-permanent,40-Excepted Service - Schedule A,3522.0,8373.0,15.0,11910.0,Diversity - March 2017,2017-03
Non-permanent,42-Excepted Service - Schedule B,711.0,1843.0,,2554.0,Diversity - March 2017,2017-03
Non-permanent,44-Excepted Service - Schedule C,76.0,516.0,,592.0,Diversity - March 2017,2017-03
Non-permanent,45-Excepted Service - Schedule D,525.0,498.0,16.0,1039.0,Diversity - March 2017,2017-03
Non-permanent,46-Excepted Service - Executive,57.0,186.0,,243.0,Diversity - March 2017,2017-03
Non-permanent,48-Excepted Service - Other,12560.0,23866.0,9.0,36435.0,Diversity - March 2017,2017-03
Non-permanent,60-Senior Executive Service - Limited Term,16.0,105.0,,122.0,Diversity - March 2017,2017-03
Non-permanent,65-Senior Executive Service - Limited Emergency,,5.0,,6.0,Diversity - March 2017,2017-03
Non-permanent,Non-permanent,23452.0,51132.0,202.0,74786.0,Diversity - March 2017,2017-03
Unspecified,Unspecified,140.0,196.0,6.0,342.0,Diversity - March 2017,2017-03
Permanent,10-Competitive Service - Career,439435.0,735766.0,327.0,1175528.0,Diversity - June 2017,2017-06
Permanent,15-Competitive Service - Career-Conditional,74142.0,126439.0,145.0,200726.0,Diversity - June 2017,2017-06
Permanent,30-Excepted Service - Schedule A,18198.0,32353.0,20.0,50571.0,Diversity - June 2017,2017-06
Permanent,32-Excepted Service - Schedule B,1228.0,3107.0,,4336.0,Diversity - June 2017,2017-06
Permanent,35-Excepted Service - Schedule D,4528.0,7486.0,20.0,12034.0,Diversity - June 2017,2017-06
Permanent,36-Excepted Service - Executive,4.0,27.0,,31.0,Diversity - June 2017,2017-06
Permanent,38-Excepted Service - Other,154209.0,268676.0,139.0,423024.0,Diversity - June 2017,2017-06
Permanent,50-Senior Executive Service - Career,1588.0,5855.0,,7443.0,Diversity - June 2017,2017-06
Permanent,55-Senior Executive Service - Non-Career,41.0,306.0,,349.0,Diversity - June 2017,2017-06
Permanent,**-Unspecified,10.0,8.0,,18.0,Diversity - June 2017,2017-06
Permanent,Permanent,693383.0,1180023.0,654.0,1874060.0,Diversity - June 2017,2017-06
Non-permanent,20-Competitive Service,8622.0,29086.0,580.0,38288.0,Diversity - June 2017,2017-06
Non-permanent,40-Excepted Service - Schedule A,3816.0,9197.0,30.0,13043.0,Diversity - June 2017,2017-06
Non-permanent,42-Excepted Service - Schedule B,736.0,1884.0,,2620.0,Diversity - June 2017,2017-06
Non-permanent,44-Excepted Service - Schedule C,78.0,618.0,,696.0,Diversity - June 2017,2017-06
Non-permanent,45-Excepted Service - Schedule D,1598.0,2493.0,63.0,4154.0,Diversity - June 2017,2017-06
Non-permanent,46-Excepted Service - Executive,54.0,183.0,,237.0,Diversity - June 2017,2017-06
Non-permanent,48-Excepted Service - Other,12872.0,25223.0,21.0,38116.0,Diversity - June 2017,2017-06
Non-permanent,60-Senior Executive Service - Limited Term,14.0,65.0,,79.0,Diversity - June 2017,2017-06
Non-permanent,65-Senior Executive Service - Limited Emergency,,,,,Diversity - June 2017,2017-06
Non-permanent,Non-permanent,27790.0,68750.0,694.0,97234.0,Diversity - June 2017,2017-06
Unspecified,Unspecified,165.0,211.0,7.0,383.0,Diversity - June 2017,2017-06
Permanent,10-Competitive Service - Career,440698.0,734660.0,322.0,1175680.0,Diversity - September 2017,2017-09
Permanent,15-Competitive Service - Career-Conditional,73602.0,124097.0,162.0,197861.0,Diversity - September 2017,2017-09
Permanent,30-Excepted Service - Schedule A,18146.0,32213.0,21.0,50380.0,Diversity - September 2017,2017-09
Permanent,32-Excepted Service - Schedule B,1184.0,2917.0,,4102.0,Diversity - September 2017,2017-09
Permanent,35-Excepted Service - Schedule D,3782.0,5255.0,16.0,9053.0,Diversity - September 2017,2017-09
Permanent,36-Excepted Service - Executive,4.0,28.0,,32.0,Diversity - September 2017,2017-09
Permanent,38-Excepted Service - Other,155738.0,269161.0,140.0,425039.0,Diversity - September 2017,2017-09
Permanent,50-Senior Executive Service - Career,1568.0,5778.0,,7346.0,Diversity - September 2017,2017-09
Permanent,55-Senior Executive Service - Non-Career,55.0,418.0,,475.0,Diversity - September 2017,2017-09
Permanent,**-Unspecified,9.0,9.0,,18.0,Diversity - September 2017,2017-09
Permanent,Permanent,694786.0,1174536.0,664.0,1869986.0,Diversity - September 2017,2017-09
Non-permanent,20-Competitive Service,8129.0,24565.0,424.0,33118.0,Diversity - September 2017,2017-09
Non-permanent,40-Excepted Service - Schedule A,4383.0,9183.0,27.0,13593.0,Diversity - September 2017,2017-09
Non-permanent,42-Excepted Service - Schedule B,775.0,1903.0,,2678.0,Diversity - September 2017,2017-09
Non-permanent,44-Excepted Service - Schedule C,91.0,735.0,,826.0,Diversity - September 2017,2017-09
Non-permanent,45-Excepted Service - Schedule D,751.0,910.0,34.0,1695.0,Diversity - September 2017,2017-09
Non-permanent,46-Excepted Service - Executive,60.0,241.0,,302.0,Diversity - September 2017,2017-09
Non-permanent,48-Excepted Service - Other,12450.0,23615.0,9.0,36074.0,Diversity - September 2017,2017-09
Non-permanent,60-Senior Executive Service - Limited Term,14.0,64.0,,78.0,Diversity - September 2017,2017-09
Non-permanent,65-Senior Executive Service - Limited Emergency,,,,,Diversity - September 2017,2017-09
Non-permanent,Non-permanent,26653.0,61217.0,495.0,88365.0,Diversity - September 2017,2017-09
Unspecified,Unspecified,172.0,228.0,,402.0,Diversity - September 2017,2017-09
