toa,toa_sub,Female,Gender - All,Male,Unspecified,cube,quarter
Permanent,10-Competitive Service - Career,532059.0,1199182.0,667118.0,,Employment - September 1998,1998-09
Permanent,15-Competitive Service - Career-Conditional,35283.0,83883.0,48599.0,,Employment - September 1998,1998-09
Permanent,30-Excepted Service - Schedule A,11888.0,31499.0,19611.0,,Employment - September 1998,1998-09
Permanent,32-Excepted Service - Schedule B,2243.0,6346.0,4103.0,,Employment - September 1998,1998-09
Permanent,36-Excepted Service - Executive,,13.0,,,Employment - September 1998,1998-09
Permanent,38-Excepted Service - Other,84269.0,228685.0,144415.0,,Employment - September 1998,1998-09
Permanent,50-Senior Executive Service - Career,1243.0,6185.0,4942.0,,Employment - September 1998,1998-09
Permanent,55-Senior Executive Service - Non-Career,263.0,661.0,398.0,,Employment - September 1998,1998-09
Permanent,**-Unspecified,36.0,77.0,41.0,,Employment - September 1998,1998-09
Permanent,Permanent,667289.0,1556531.0,889235.0,,Employment - September 1998,1998-09
Non-permanent,20-Competitive Service,18980.0,43689.0,24708.0,,Employment - September 1998,1998-09
Non-permanent,40-Excepted Service - Schedule A,8480.0,14704.0,6224.0,,Employment - September 1998,1998-09
Non-permanent,42-Excepted Service - Schedule B,3633.0,7188.0,3555.0,,Employment - September 1998,1998-09
Non-permanent,44-Excepted Service - Schedule C,746.0,1338.0,592.0,,Employment - September 1998,1998-09
Non-permanent,46-Excepted Service - Executive,152.0,548.0,396.0,,Employment - September 1998,1998-09
Non-permanent,48-Excepted Service - Other,9192.0,19931.0,10739.0,,Employment - September 1998,1998-09
Non-permanent,60-Senior Executive Service - Limited Term,52.0,156.0,104.0,,Employment - September 1998,1998-09
Non-permanent,65-Senior Executive Service - Limited Emergency,,,,,Employment - September 1998,1998-09
Non-permanent,Non-permanent,41239.0,87563.0,46323.0,,Employment - September 1998,1998-09
Unspecified,Unspecified,17.0,77.0,47.0,13.0,Employment - September 1998,1998-09
Permanent,10-Competitive Service - Career,519123.0,1168288.0,649157.0,,Employment - September 1999,1999-09
Permanent,15-Competitive Service - Career-Conditional,40835.0,93844.0,53007.0,,Employment - September 1999,1999-09
Permanent,30-Excepted Service - Schedule A,12223.0,32165.0,19942.0,,Employment - September 1999,1999-09
Permanent,32-Excepted Service - Schedule B,2480.0,7660.0,5180.0,,Employment - September 1999,1999-09
Permanent,36-Excepted Service - Executive,,14.0,,,Employment - September 1999,1999-09
Permanent,38-Excepted Service - Other,84194.0,226740.0,142545.0,,Employment - September 1999,1999-09
Permanent,50-Senior Executive Service - Career,1350.0,6207.0,4857.0,,Employment - September 1999,1999-09
Permanent,55-Senior Executive Service - Non-Career,269.0,667.0,398.0,,Employment - September 1999,1999-09
Permanent,**-Unspecified,184.0,571.0,387.0,,Employment - September 1999,1999-09
Permanent,Permanent,660663.0,1536156.0,875482.0,,Employment - September 1999,1999-09
Non-permanent,20-Competitive Service,17498.0,39562.0,22063.0,,Employment - September 1999,1999-09
Non-permanent,40-Excepted Service - Schedule A,9996.0,17628.0,7632.0,,Employment - September 1999,1999-09
Non-permanent,42-Excepted Service - Schedule B,3745.0,7659.0,3914.0,,Employment - September 1999,1999-09
Non-permanent,44-Excepted Service - Schedule C,749.0,1358.0,609.0,,Employment - September 1999,1999-09
Non-permanent,46-Excepted Service - Executive,148.0,553.0,405.0,,Employment - September 1999,1999-09
Non-permanent,48-Excepted Service - Other,9922.0,21443.0,11517.0,,Employment - September 1999,1999-09
Non-permanent,60-Senior Executive Service - Limited Term,55.0,167.0,112.0,,Employment - September 1999,1999-09
Non-permanent,65-Senior Executive Service - Limited Emergency,,,,,Employment - September 1999,1999-09
Non-permanent,Non-permanent,42113.0,88376.0,46258.0,,Employment - September 1999,1999-09
Unspecified,Unspecified,21.0,70.0,47.0,,Employment - September 1999,1999-09
Permanent,10-Competitive Service - Career,508798.0,1140509.0,631709.0,,Employment - September 2000,2000-09
Permanent,15-Competitive Service - Career-Conditional,49151.0,112139.0,62988.0,,Employment - September 2000,2000-09
Permanent,30-Excepted Service - Schedule A,13048.0,33576.0,20528.0,,Employment - September 2000,2000-09
Permanent,32-Excepted Service - Schedule B,2780.0,8338.0,5558.0,,Employment - September 2000,2000-09
Permanent,36-Excepted Service - Executive,,14.0,,,Employment - September 2000,2000-09
Permanent,38-Excepted Service - Other,83275.0,223359.0,140083.0,,Employment - September 2000,2000-09
Permanent,50-Senior Executive Service - Career,1447.0,6279.0,4832.0,,Employment - September 2000,2000-09
Permanent,55-Senior Executive Service - Non-Career,265.0,615.0,350.0,,Employment - September 2000,2000-09
Permanent,**-Unspecified,20.0,54.0,34.0,,Employment - September 2000,2000-09
Permanent,Permanent,658788.0,1524883.0,866092.0,,Employment - September 2000,2000-09
Non-permanent,20-Competitive Service,16439.0,37583.0,21142.0,,Employment - September 2000,2000-09
Non-permanent,40-Excepted Service - Schedule A,9070.0,15320.0,6250.0,,Employment - September 2000,2000-09
Non-permanent,42-Excepted Service - Schedule B,3900.0,8458.0,4556.0,,Employment - September 2000,2000-09
Non-permanent,44-Excepted Service - Schedule C,668.0,1211.0,543.0,,Employment - September 2000,2000-09
Non-permanent,46-Excepted Service - Executive,149.0,543.0,394.0,,Employment - September 2000,2000-09
Non-permanent,48-Excepted Service - Other,10788.0,23307.0,12518.0,,Employment - September 2000,2000-09
Non-permanent,60-Senior Executive Service - Limited Term,41.0,156.0,115.0,,Employment - September 2000,2000-09
Non-permanent,65-Senior Executive Service - Limited Emergency,,16.0,14.0,,Employment - September 2000,2000-09
Non-permanent,Non-permanent,41057.0,86594.0,45532.0,,Employment - September 2000,2000-09
Unspecified,Unspecified,22.0,69.0,43.0,,Employment - September 2000,2000-09
Permanent,10-Competitive Service - Career,503892.0,1124926.0,621020.0,14.0,Employment - September 2001,2001-09
Permanent,15-Competitive Service - Career-Conditional,59459.0,136995.0,77529.0,,Employment - September 2001,2001-09
Permanent,30-Excepted Service - Schedule A,13629.0,34293.0,20664.0,,Employment - September 2001,2001-09
Permanent,32-Excepted Service - Schedule B,3281.0,9261.0,5980.0,,Employment - September 2001,2001-09
Permanent,36-Excepted Service - Executive,,12.0,,,Employment - September 2001,2001-09
Permanent,38-Excepted Service - Other,84593.0,224491.0,139896.0,,Employment - September 2001,2001-09
Permanent,50-Senior Executive Service - Career,1534.0,6310.0,4776.0,,Employment - September 2001,2001-09
Permanent,55-Senior Executive Service - Non-Career,68.0,280.0,212.0,,Employment - September 2001,2001-09
Permanent,**-Unspecified,16.0,59.0,43.0,,Employment - September 2001,2001-09
Permanent,Permanent,666477.0,1536627.0,870127.0,23.0,Employment - September 2001,2001-09
Non-permanent,20-Competitive Service,15189.0,35245.0,20056.0,,Employment - September 2001,2001-09
Non-permanent,40-Excepted Service - Schedule A,7962.0,13829.0,5867.0,,Employment - September 2001,2001-09
Non-permanent,42-Excepted Service - Schedule B,4513.0,9801.0,5288.0,,Employment - September 2001,2001-09
Non-permanent,44-Excepted Service - Schedule C,437.0,931.0,494.0,,Employment - September 2001,2001-09
Non-permanent,46-Excepted Service - Executive,94.0,401.0,307.0,,Employment - September 2001,2001-09
Non-permanent,48-Excepted Service - Other,11646.0,25298.0,13652.0,,Employment - September 2001,2001-09
Non-permanent,60-Senior Executive Service - Limited Term,55.0,222.0,167.0,,Employment - September 2001,2001-09
Non-permanent,65-Senior Executive Service - Limited Emergency,,13.0,,,Employment - September 2001,2001-09
Non-permanent,Non-permanent,39898.0,85740.0,45842.0,,Employment - September 2001,2001-09
Unspecified,Unspecified,16.0,63.0,45.0,,Employment - September 2001,2001-09
Permanent,10-Competitive Service - Career,501320.0,1110988.0,609655.0,13.0,Employment - September 2002,2002-09
Permanent,15-Competitive Service - Career-Conditional,65002.0,155527.0,90504.0,21.0,Employment - September 2002,2002-09
Permanent,30-Excepted Service - Schedule A,14587.0,35910.0,21323.0,,Employment - September 2002,2002-09
Permanent,32-Excepted Service - Schedule B,4576.0,11987.0,7409.0,,Employment - September 2002,2002-09
Permanent,36-Excepted Service - Executive,,13.0,,,Employment - September 2002,2002-09
Permanent,38-Excepted Service - Other,95267.0,257796.0,162523.0,,Employment - September 2002,2002-09
Permanent,50-Senior Executive Service - Career,1577.0,6197.0,4620.0,,Employment - September 2002,2002-09
Permanent,55-Senior Executive Service - Non-Career,153.0,630.0,477.0,,Employment - September 2002,2002-09
Permanent,**-Unspecified,100.0,206.0,106.0,,Employment - September 2002,2002-09
Permanent,Permanent,682586.0,1579254.0,896626.0,42.0,Employment - September 2002,2002-09
Non-permanent,20-Competitive Service,14169.0,35236.0,21061.0,,Employment - September 2002,2002-09
Non-permanent,40-Excepted Service - Schedule A,8027.0,14735.0,6707.0,,Employment - September 2002,2002-09
Non-permanent,42-Excepted Service - Schedule B,4939.0,11235.0,6295.0,,Employment - September 2002,2002-09
Non-permanent,44-Excepted Service - Schedule C,651.0,1376.0,725.0,,Employment - September 2002,2002-09
Non-permanent,46-Excepted Service - Executive,125.0,536.0,411.0,,Employment - September 2002,2002-09
Non-permanent,48-Excepted Service - Other,12564.0,28531.0,15954.0,13.0,Employment - September 2002,2002-09
Non-permanent,60-Senior Executive Service - Limited Term,32.0,142.0,110.0,,Employment - September 2002,2002-09
Non-permanent,65-Senior Executive Service - Limited Emergency,,,,,Employment - September 2002,2002-09
Non-permanent,Non-permanent,40507.0,91798.0,51270.0,21.0,Employment - September 2002,2002-09
Unspecified,Unspecified,40.0,89.0,49.0,,Employment - September 2002,2002-09
Permanent,10-Competitive Service - Career,499971.0,1101151.0,601174.0,,Employment - September 2003,2003-09
Permanent,15-Competitive Service - Career-Conditional,65393.0,163876.0,98474.0,,Employment - September 2003,2003-09
Permanent,30-Excepted Service - Schedule A,13564.0,34042.0,20478.0,,Employment - September 2003,2003-09
Permanent,32-Excepted Service - Schedule B,6918.0,16817.0,9898.0,,Employment - September 2003,2003-09
Permanent,36-Excepted Service - Executive,,,,,Employment - September 2003,2003-09
Permanent,38-Excepted Service - Other,98063.0,259810.0,161720.0,27.0,Employment - September 2003,2003-09
Permanent,50-Senior Executive Service - Career,1642.0,6216.0,4572.0,,Employment - September 2003,2003-09
Permanent,55-Senior Executive Service - Non-Career,146.0,640.0,494.0,,Employment - September 2003,2003-09
Permanent,**-Unspecified,29.0,79.0,50.0,,Employment - September 2003,2003-09
Permanent,Permanent,685727.0,1582636.0,896864.0,45.0,Employment - September 2003,2003-09
Non-permanent,20-Competitive Service,12975.0,32704.0,19727.0,,Employment - September 2003,2003-09
Non-permanent,40-Excepted Service - Schedule A,8278.0,15576.0,7283.0,15.0,Employment - September 2003,2003-09
Non-permanent,42-Excepted Service - Schedule B,4553.0,9567.0,5014.0,,Employment - September 2003,2003-09
Non-permanent,44-Excepted Service - Schedule C,690.0,1487.0,797.0,,Employment - September 2003,2003-09
Non-permanent,46-Excepted Service - Executive,117.0,525.0,408.0,,Employment - September 2003,2003-09
Non-permanent,48-Excepted Service - Other,22477.0,54182.0,31647.0,58.0,Employment - September 2003,2003-09
Non-permanent,60-Senior Executive Service - Limited Term,40.0,142.0,102.0,,Employment - September 2003,2003-09
Non-permanent,65-Senior Executive Service - Limited Emergency,,,,,Employment - September 2003,2003-09
Non-permanent,Non-permanent,49131.0,114190.0,64984.0,75.0,Employment - September 2003,2003-09
Unspecified,Unspecified,189.0,382.0,193.0,,Employment - September 2003,2003-09
Permanent,10-Competitive Service - Career,498644.0,1097185.0,598536.0,,Employment - September 2004,2004-09
Permanent,15-Competitive Service - Career-Conditional,61204.0,160786.0,99579.0,,Employment - September 2004,2004-09
Permanent,30-Excepted Service - Schedule A,13701.0,34309.0,20608.0,,Employment - September 2004,2004-09
Permanent,32-Excepted Service - Schedule B,9196.0,22631.0,13433.0,,Employment - September 2004,2004-09
Permanent,36-Excepted Service - Executive,,,,,Employment - September 2004,2004-09
Permanent,38-Excepted Service - Other,107078.0,280907.0,173797.0,32.0,Employment - September 2004,2004-09
Permanent,50-Senior Executive Service - Career,1689.0,6194.0,4505.0,,Employment - September 2004,2004-09
Permanent,55-Senior Executive Service - Non-Career,164.0,691.0,527.0,,Employment - September 2004,2004-09
Permanent,**-Unspecified,29.0,66.0,37.0,,Employment - September 2004,2004-09
Permanent,Permanent,691706.0,1602773.0,911025.0,42.0,Employment - September 2004,2004-09
Non-permanent,20-Competitive Service,12234.0,32200.0,19966.0,,Employment - September 2004,2004-09
Non-permanent,40-Excepted Service - Schedule A,8363.0,16706.0,8338.0,,Employment - September 2004,2004-09
Non-permanent,42-Excepted Service - Schedule B,4773.0,11236.0,6463.0,,Employment - September 2004,2004-09
Non-permanent,44-Excepted Service - Schedule C,700.0,1518.0,818.0,,Employment - September 2004,2004-09
Non-permanent,46-Excepted Service - Executive,125.0,518.0,393.0,,Employment - September 2004,2004-09
Non-permanent,48-Excepted Service - Other,14813.0,31257.0,16406.0,38.0,Employment - September 2004,2004-09
Non-permanent,60-Senior Executive Service - Limited Term,27.0,121.0,94.0,,Employment - September 2004,2004-09
Non-permanent,65-Senior Executive Service - Limited Emergency,,,,,Employment - September 2004,2004-09
Non-permanent,Non-permanent,41037.0,93562.0,52482.0,43.0,Employment - September 2004,2004-09
Unspecified,Unspecified,16.0,58.0,42.0,,Employment - September 2004,2004-09
Permanent,10-Competitive Service - Career,495298.0,1094535.0,599233.0,,Employment - September 2005,2005-09
Permanent,15-Competitive Service - Career-Conditional,57347.0,154489.0,97141.0,,Employment - September 2005,2005-09
Permanent,30-Excepted Service - Schedule A,13689.0,34319.0,20630.0,,Employment - September 2005,2005-09
Permanent,32-Excepted Service - Schedule B,11426.0,28040.0,16614.0,,Employment - September 2005,2005-09
Permanent,36-Excepted Service - Executive,,,,,Employment - September 2005,2005-09
Permanent,38-Excepted Service - Other,114079.0,292909.0,178812.0,18.0,Employment - September 2005,2005-09
Permanent,50-Senior Executive Service - Career,1747.0,6295.0,4548.0,,Employment - September 2005,2005-09
Permanent,55-Senior Executive Service - Non-Career,144.0,612.0,468.0,,Employment - September 2005,2005-09
Permanent,**-Unspecified,103.0,196.0,93.0,,Employment - September 2005,2005-09
Permanent,Permanent,693835.0,1611400.0,917542.0,23.0,Employment - September 2005,2005-09
Non-permanent,20-Competitive Service,12039.0,32155.0,20116.0,,Employment - September 2005,2005-09
Non-permanent,40-Excepted Service - Schedule A,8911.0,18870.0,9957.0,,Employment - September 2005,2005-09
Non-permanent,42-Excepted Service - Schedule B,4880.0,11213.0,6332.0,,Employment - September 2005,2005-09
Non-permanent,44-Excepted Service - Schedule C,725.0,1623.0,898.0,,Employment - September 2005,2005-09
Non-permanent,46-Excepted Service - Executive,119.0,465.0,346.0,,Employment - September 2005,2005-09
Non-permanent,48-Excepted Service - Other,13882.0,29928.0,16025.0,21.0,Employment - September 2005,2005-09
Non-permanent,60-Senior Executive Service - Limited Term,27.0,117.0,90.0,,Employment - September 2005,2005-09
Non-permanent,65-Senior Executive Service - Limited Emergency,,,,,Employment - September 2005,2005-09
Non-permanent,Non-permanent,40585.0,94376.0,53767.0,24.0,Employment - September 2005,2005-09
Unspecified,Unspecified,32.0,92.0,60.0,,Employment - September 2005,2005-09
Permanent,10-Competitive Service - Career,491883.0,1092913.0,601029.0,,Employment - September 2006,2006-09
Permanent,15-Competitive Service - Career-Conditional,57986.0,153399.0,95409.0,,Employment - September 2006,2006-09
Permanent,30-Excepted Service - Schedule A,13999.0,35132.0,21133.0,,Employment - September 2006,2006-09
Permanent,32-Excepted Service - Schedule B,13355.0,33373.0,20018.0,,Employment - September 2006,2006-09
Permanent,36-Excepted Service - Executive,,,,,Employment - September 2006,2006-09
Permanent,38-Excepted Service - Other,112931.0,286232.0,173285.0,16.0,Employment - September 2006,2006-09
Permanent,50-Senior Executive Service - Career,1803.0,6344.0,4541.0,,Employment - September 2006,2006-09
Permanent,55-Senior Executive Service - Non-Career,147.0,641.0,494.0,,Employment - September 2006,2006-09
Permanent,**-Unspecified,74.0,119.0,45.0,,Employment - September 2006,2006-09
Permanent,Permanent,692179.0,1608157.0,915957.0,21.0,Employment - September 2006,2006-09
Non-permanent,20-Competitive Service,10262.0,28212.0,17950.0,,Employment - September 2006,2006-09
Non-permanent,40-Excepted Service - Schedule A,9251.0,18704.0,9447.0,,Employment - September 2006,2006-09
Non-permanent,42-Excepted Service - Schedule B,3988.0,9193.0,5205.0,,Employment - September 2006,2006-09
Non-permanent,44-Excepted Service - Schedule C,730.0,1605.0,875.0,,Employment - September 2006,2006-09
Non-permanent,46-Excepted Service - Executive,122.0,528.0,406.0,,Employment - September 2006,2006-09
Non-permanent,48-Excepted Service - Other,15090.0,31611.0,16511.0,,Employment - September 2006,2006-09
Non-permanent,60-Senior Executive Service - Limited Term,28.0,113.0,85.0,,Employment - September 2006,2006-09
Non-permanent,65-Senior Executive Service - Limited Emergency,,,,,Employment - September 2006,2006-09
Non-permanent,Non-permanent,39474.0,89972.0,50482.0,16.0,Employment - September 2006,2006-09
Unspecified,Unspecified,68.0,178.0,110.0,,Employment - September 2006,2006-09
Permanent,10-Competitive Service - Career,489441.0,1096286.0,606843.0,,Employment - September 2007,2007-09
Permanent,15-Competitive Service - Career-Conditional,59511.0,148022.0,88511.0,,Employment - September 2007,2007-09
Permanent,30-Excepted Service - Schedule A,14157.0,35326.0,21169.0,,Employment - September 2007,2007-09
Permanent,32-Excepted Service - Schedule B,14936.0,40112.0,25174.0,,Employment - September 2007,2007-09
Permanent,36-Excepted Service - Executive,,,,,Employment - September 2007,2007-09
Permanent,38-Excepted Service - Other,117422.0,291082.0,173643.0,17.0,Employment - September 2007,2007-09
Permanent,50-Senior Executive Service - Career,1902.0,6546.0,4644.0,,Employment - September 2007,2007-09
Permanent,55-Senior Executive Service - Non-Career,163.0,677.0,514.0,,Employment - September 2007,2007-09
Permanent,**-Unspecified,55.0,98.0,43.0,,Employment - September 2007,2007-09
Permanent,Permanent,697592.0,1618159.0,920546.0,21.0,Employment - September 2007,2007-09
Non-permanent,20-Competitive Service,10285.0,30040.0,19755.0,,Employment - September 2007,2007-09
Non-permanent,40-Excepted Service - Schedule A,7579.0,15504.0,7925.0,,Employment - September 2007,2007-09
Non-permanent,42-Excepted Service - Schedule B,4170.0,9348.0,5178.0,,Employment - September 2007,2007-09
Non-permanent,44-Excepted Service - Schedule C,770.0,1638.0,868.0,,Employment - September 2007,2007-09
Non-permanent,46-Excepted Service - Executive,118.0,520.0,402.0,,Employment - September 2007,2007-09
Non-permanent,48-Excepted Service - Other,17748.0,36190.0,18433.0,,Employment - September 2007,2007-09
Non-permanent,60-Senior Executive Service - Limited Term,31.0,121.0,90.0,,Employment - September 2007,2007-09
Non-permanent,65-Senior Executive Service - Limited Emergency,,,,,Employment - September 2007,2007-09
Non-permanent,Non-permanent,40704.0,93368.0,52655.0,,Employment - September 2007,2007-09
Unspecified,Unspecified,69.0,173.0,104.0,,Employment - September 2007,2007-09
Permanent,10-Competitive Service - Career,492396.0,1107709.0,615313.0,,Employment - September 2008,2008-09
Permanent,15-Competitive Service - Career-Conditional,66687.0,159786.0,93098.0,,Employment - September 2008,2008-09
Permanent,30-Excepted Service - Schedule A,15175.0,37139.0,21964.0,,Employment - September 2008,2008-09
Permanent,32-Excepted Service - Schedule B,20211.0,52925.0,32713.0,,Employment - September 2008,2008-09
Permanent,36-Excepted Service - Executive,,17.0,,,Employment - September 2008,2008-09
Permanent,38-Excepted Service - Other,128779.0,308159.0,179369.0,,Employment - September 2008,2008-09
Permanent,50-Senior Executive Service - Career,2003.0,6849.0,4846.0,,Employment - September 2008,2008-09
Permanent,55-Senior Executive Service - Non-Career,156.0,630.0,474.0,,Employment - September 2008,2008-09
Permanent,**-Unspecified,13.0,35.0,22.0,,Employment - September 2008,2008-09
Permanent,Permanent,725428.0,1673249.0,947808.0,13.0,Employment - September 2008,2008-09
Non-permanent,20-Competitive Service,11620.0,34570.0,22950.0,,Employment - September 2008,2008-09
Non-permanent,40-Excepted Service - Schedule A,8258.0,18392.0,10134.0,,Employment - September 2008,2008-09
Non-permanent,42-Excepted Service - Schedule B,5552.0,12067.0,6515.0,,Employment - September 2008,2008-09
Non-permanent,44-Excepted Service - Schedule C,682.0,1508.0,826.0,,Employment - September 2008,2008-09
Non-permanent,46-Excepted Service - Executive,109.0,515.0,406.0,,Employment - September 2008,2008-09
Non-permanent,48-Excepted Service - Other,19848.0,40477.0,20622.0,,Employment - September 2008,2008-09
Non-permanent,60-Senior Executive Service - Limited Term,36.0,132.0,96.0,,Employment - September 2008,2008-09
Non-permanent,65-Senior Executive Service - Limited Emergency,,,,,Employment - September 2008,2008-09
Non-permanent,Non-permanent,46108.0,107666.0,61551.0,,Employment - September 2008,2008-09
Unspecified,Unspecified,43.0,121.0,78.0,,Employment - September 2008,2008-09
Permanent,10-Competitive Service - Career,494048.0,1109818.0,615770.0,,Employment - September 2009,2009-09
Permanent,15-Competitive Service - Career-Conditional,85840.0,212359.0,126519.0,,Employment - September 2009,2009-09
Permanent,30-Excepted Service - Schedule A,16643.0,39775.0,23132.0,,Employment - September 2009,2009-09
Permanent,32-Excepted Service - Schedule B,25034.0,64127.0,39093.0,,Employment - September 2009,2009-09
Permanent,36-Excepted Service - Executive,,16.0,,,Employment - September 2009,2009-09
Permanent,38-Excepted Service - Other,139311.0,323517.0,184203.0,,Employment - September 2009,2009-09
Permanent,50-Senior Executive Service - Career,2086.0,6966.0,4880.0,,Employment - September 2009,2009-09
Permanent,55-Senior Executive Service - Non-Career,200.0,501.0,301.0,,Employment - September 2009,2009-09
Permanent,**-Unspecified,12.0,26.0,14.0,,Employment - September 2009,2009-09
Permanent,Permanent,763181.0,1757105.0,993921.0,,Employment - September 2009,2009-09
Non-permanent,20-Competitive Service,14194.0,42167.0,27973.0,,Employment - September 2009,2009-09
Non-permanent,40-Excepted Service - Schedule A,10528.0,24079.0,13551.0,,Employment - September 2009,2009-09
Non-permanent,42-Excepted Service - Schedule B,6081.0,13360.0,7279.0,,Employment - September 2009,2009-09
Non-permanent,44-Excepted Service - Schedule C,666.0,1266.0,600.0,,Employment - September 2009,2009-09
Non-permanent,46-Excepted Service - Executive,109.0,410.0,301.0,,Employment - September 2009,2009-09
Non-permanent,48-Excepted Service - Other,17377.0,38677.0,21299.0,,Employment - September 2009,2009-09
Non-permanent,60-Senior Executive Service - Limited Term,42.0,136.0,94.0,,Employment - September 2009,2009-09
Non-permanent,65-Senior Executive Service - Limited Emergency,,,,,Employment - September 2009,2009-09
Non-permanent,Non-permanent,49001.0,120101.0,71099.0,,Employment - September 2009,2009-09
Unspecified,Unspecified,41.0,109.0,68.0,,Employment - September 2009,2009-09
Permanent,10-Competitive Service - Career,496299.0,1116381.0,620082.0,,Employment - December 2009,2009-12
Permanent,15-Competitive Service - Career-Conditional,88786.0,222031.0,133245.0,,Employment - December 2009,2009-12
Permanent,30-Excepted Service - Schedule A,16847.0,40147.0,23300.0,,Employment - December 2009,2009-12
Permanent,32-Excepted Service - Schedule B,25215.0,64045.0,38830.0,,Employment - December 2009,2009-12
Permanent,36-Excepted Service - Executive,,17.0,,,Employment - December 2009,2009-12
Permanent,38-Excepted Service - Other,141162.0,327144.0,185979.0,,Employment - December 2009,2009-12
Permanent,50-Senior Executive Service - Career,2107.0,7005.0,4898.0,,Employment - December 2009,2009-12
Permanent,55-Senior Executive Service - Non-Career,226.0,560.0,334.0,,Employment - December 2009,2009-12
Permanent,**-Unspecified,12.0,26.0,14.0,,Employment - December 2009,2009-12
Permanent,Permanent,770662.0,1777356.0,1006691.0,,Employment - December 2009,2009-12
Non-permanent,20-Competitive Service,11456.0,31959.0,20503.0,,Employment - December 2009,2009-12
Non-permanent,40-Excepted Service - Schedule A,11130.0,24722.0,13592.0,,Employment - December 2009,2009-12
Non-permanent,42-Excepted Service - Schedule B,5033.0,10756.0,5723.0,,Employment - December 2009,2009-12
Non-permanent,44-Excepted Service - Schedule C,723.0,1383.0,660.0,,Employment - December 2009,2009-12
Non-permanent,46-Excepted Service - Executive,132.0,459.0,327.0,,Employment - December 2009,2009-12
Non-permanent,48-Excepted Service - Other,17046.0,38583.0,21537.0,,Employment - December 2009,2009-12
Non-permanent,60-Senior Executive Service - Limited Term,45.0,142.0,97.0,,Employment - December 2009,2009-12
Non-permanent,65-Senior Executive Service - Limited Emergency,,,,,Employment - December 2009,2009-12
Non-permanent,Non-permanent,45569.0,108010.0,62441.0,,Employment - December 2009,2009-12
Unspecified,Unspecified,34.0,89.0,55.0,,Employment - December 2009,2009-12
Permanent,10-Competitive Service - Career,494895.0,1113152.0,618257.0,,Employment - March 2010,2010-03
Permanent,15-Competitive Service - Career-Conditional,91617.0,231352.0,139735.0,,Employment - March 2010,2010-03
Permanent,30-Excepted Service - Schedule A,17087.0,40580.0,23493.0,,Employment - March 2010,2010-03
Permanent,32-Excepted Service - Schedule B,24965.0,62271.0,37306.0,,Employment - March 2010,2010-03
Permanent,36-Excepted Service - Executive,,18.0,,,Employment - March 2010,2010-03
Permanent,38-Excepted Service - Other,142273.0,329070.0,186796.0,,Employment - March 2010,2010-03
Permanent,50-Senior Executive Service - Career,2102.0,6972.0,4870.0,,Employment - March 2010,2010-03
Permanent,55-Senior Executive Service - Non-Career,252.0,615.0,363.0,,Employment - March 2010,2010-03
Permanent,**-Unspecified,12.0,25.0,13.0,,Employment - March 2010,2010-03
Permanent,Permanent,773211.0,1784055.0,1010843.0,,Employment - March 2010,2010-03
Non-permanent,20-Competitive Service,12587.0,33537.0,20950.0,,Employment - March 2010,2010-03
Non-permanent,40-Excepted Service - Schedule A,11327.0,24565.0,13238.0,,Employment - March 2010,2010-03
Non-permanent,42-Excepted Service - Schedule B,3786.0,8252.0,4466.0,,Employment - March 2010,2010-03
Non-permanent,44-Excepted Service - Schedule C,728.0,1397.0,669.0,,Employment - March 2010,2010-03
Non-permanent,46-Excepted Service - Executive,151.0,513.0,362.0,,Employment - March 2010,2010-03
Non-permanent,48-Excepted Service - Other,16225.0,36228.0,20003.0,,Employment - March 2010,2010-03
Non-permanent,60-Senior Executive Service - Limited Term,46.0,145.0,99.0,,Employment - March 2010,2010-03
Non-permanent,65-Senior Executive Service - Limited Emergency,,,,,Employment - March 2010,2010-03
Non-permanent,Non-permanent,44855.0,104644.0,59789.0,,Employment - March 2010,2010-03
Unspecified,Unspecified,34.0,86.0,52.0,,Employment - March 2010,2010-03
Permanent,10-Competitive Service - Career,496680.0,1119355.0,622675.0,,Employment - June 2010,2010-06
Permanent,15-Competitive Service - Career-Conditional,94868.0,239896.0,145028.0,,Employment - June 2010,2010-06
Permanent,30-Excepted Service - Schedule A,17253.0,40967.0,23714.0,,Employment - June 2010,2010-06
Permanent,32-Excepted Service - Schedule B,25864.0,64185.0,38321.0,,Employment - June 2010,2010-06
Permanent,36-Excepted Service - Executive,,18.0,,,Employment - June 2010,2010-06
Permanent,38-Excepted Service - Other,143860.0,333157.0,189296.0,,Employment - June 2010,2010-06
Permanent,50-Senior Executive Service - Career,2110.0,6988.0,4878.0,,Employment - June 2010,2010-06
Permanent,55-Senior Executive Service - Non-Career,269.0,655.0,386.0,,Employment - June 2010,2010-06
Permanent,**-Unspecified,12.0,24.0,12.0,,Employment - June 2010,2010-06
Permanent,Permanent,780924.0,1805245.0,1024320.0,,Employment - June 2010,2010-06
Non-permanent,20-Competitive Service,16164.0,46638.0,30474.0,,Employment - June 2010,2010-06
Non-permanent,40-Excepted Service - Schedule A,11995.0,27202.0,15207.0,,Employment - June 2010,2010-06
Non-permanent,42-Excepted Service - Schedule B,15359.0,32905.0,17546.0,,Employment - June 2010,2010-06
Non-permanent,44-Excepted Service - Schedule C,745.0,1446.0,701.0,,Employment - June 2010,2010-06
Non-permanent,46-Excepted Service - Executive,166.0,569.0,403.0,,Employment - June 2010,2010-06
Non-permanent,48-Excepted Service - Other,16490.0,36665.0,20175.0,,Employment - June 2010,2010-06
Non-permanent,60-Senior Executive Service - Limited Term,43.0,143.0,100.0,,Employment - June 2010,2010-06
Non-permanent,65-Senior Executive Service - Limited Emergency,,,,,Employment - June 2010,2010-06
Non-permanent,Non-permanent,60966.0,145572.0,84606.0,,Employment - June 2010,2010-06
Unspecified,Unspecified,35.0,87.0,52.0,,Employment - June 2010,2010-06
Permanent,10-Competitive Service - Career,500750.0,1129768.0,629018.0,,Employment - September 2010,2010-09
Permanent,15-Competitive Service - Career-Conditional,98919.0,252267.0,153348.0,,Employment - September 2010,2010-09
Permanent,30-Excepted Service - Schedule A,17812.0,42234.0,24422.0,,Employment - September 2010,2010-09
Permanent,32-Excepted Service - Schedule B,24637.0,61166.0,36529.0,,Employment - September 2010,2010-09
Permanent,36-Excepted Service - Executive,,18.0,,,Employment - September 2010,2010-09
Permanent,38-Excepted Service - Other,146590.0,338575.0,191984.0,,Employment - September 2010,2010-09
Permanent,50-Senior Executive Service - Career,2125.0,6997.0,4872.0,,Employment - September 2010,2010-09
Permanent,55-Senior Executive Service - Non-Career,273.0,671.0,398.0,,Employment - September 2010,2010-09
Permanent,**-Unspecified,,23.0,13.0,,Employment - September 2010,2010-09
Permanent,Permanent,791124.0,1831719.0,1040594.0,,Employment - September 2010,2010-09
Non-permanent,20-Competitive Service,14342.0,42263.0,27921.0,,Employment - September 2010,2010-09
Non-permanent,40-Excepted Service - Schedule A,10241.0,23047.0,12806.0,,Employment - September 2010,2010-09
Non-permanent,42-Excepted Service - Schedule B,6801.0,14334.0,7533.0,,Employment - September 2010,2010-09
Non-permanent,44-Excepted Service - Schedule C,766.0,1465.0,699.0,,Employment - September 2010,2010-09
Non-permanent,46-Excepted Service - Executive,184.0,622.0,438.0,,Employment - September 2010,2010-09
Non-permanent,48-Excepted Service - Other,16352.0,35853.0,19501.0,,Employment - September 2010,2010-09
Non-permanent,60-Senior Executive Service - Limited Term,41.0,142.0,101.0,,Employment - September 2010,2010-09
Non-permanent,65-Senior Executive Service - Limited Emergency,,,,,Employment - September 2010,2010-09
Non-permanent,Non-permanent,48728.0,117727.0,68999.0,,Employment - September 2010,2010-09
Unspecified,Unspecified,37.0,95.0,58.0,,Employment - September 2010,2010-09
Permanent,10-Competitive Service - Career,503638.0,1137461.0,633823.0,,Employment - December 2010,2010-12
Permanent,15-Competitive Service - Career-Conditional,99994.0,258417.0,158423.0,,Employment - December 2010,2010-12
Permanent,30-Excepted Service - Schedule A,18179.0,42982.0,24803.0,,Employment - December 2010,2010-12
Permanent,32-Excepted Service - Schedule B,24436.0,59468.0,35032.0,,Employment - December 2010,2010-12
Permanent,36-Excepted Service - Executive,,19.0,,,Employment - December 2010,2010-12
Permanent,38-Excepted Service - Other,149396.0,343242.0,193845.0,,Employment - December 2010,2010-12
Permanent,50-Senior Executive Service - Career,2162.0,7073.0,4911.0,,Employment - December 2010,2010-12
Permanent,55-Senior Executive Service - Non-Career,275.0,668.0,393.0,,Employment - December 2010,2010-12
Permanent,**-Unspecified,,24.0,13.0,,Employment - December 2010,2010-12
Permanent,Permanent,798100.0,1849354.0,1051253.0,,Employment - December 2010,2010-12
Non-permanent,20-Competitive Service,11298.0,31184.0,19886.0,,Employment - December 2010,2010-12
Non-permanent,40-Excepted Service - Schedule A,8563.0,18766.0,10203.0,,Employment - December 2010,2010-12
Non-permanent,42-Excepted Service - Schedule B,5165.0,10893.0,5728.0,,Employment - December 2010,2010-12
Non-permanent,44-Excepted Service - Schedule C,779.0,1486.0,707.0,,Employment - December 2010,2010-12
Non-permanent,46-Excepted Service - Executive,188.0,634.0,446.0,,Employment - December 2010,2010-12
Non-permanent,48-Excepted Service - Other,15958.0,35060.0,19102.0,,Employment - December 2010,2010-12
Non-permanent,60-Senior Executive Service - Limited Term,42.0,143.0,101.0,,Employment - December 2010,2010-12
Non-permanent,65-Senior Executive Service - Limited Emergency,,,,,Employment - December 2010,2010-12
Non-permanent,Non-permanent,41994.0,98168.0,56174.0,,Employment - December 2010,2010-12
Unspecified,Unspecified,39.0,96.0,57.0,,Employment - December 2010,2010-12
Permanent,10-Competitive Service - Career,502029.0,1137482.0,635453.0,,Employment - March 2011,2011-03
Permanent,15-Competitive Service - Career-Conditional,115225.0,297630.0,182405.0,,Employment - March 2011,2011-03
Permanent,30-Excepted Service - Schedule A,18345.0,43330.0,24985.0,,Employment - March 2011,2011-03
Permanent,32-Excepted Service - Schedule B,4951.0,11887.0,6936.0,,Employment - March 2011,2011-03
Permanent,36-Excepted Service - Executive,,19.0,,,Employment - March 2011,2011-03
Permanent,38-Excepted Service - Other,155502.0,354364.0,198861.0,,Employment - March 2011,2011-03
Permanent,50-Senior Executive Service - Career,2202.0,7101.0,4899.0,,Employment - March 2011,2011-03
Permanent,55-Senior Executive Service - Non-Career,284.0,684.0,400.0,,Employment - March 2011,2011-03
Permanent,**-Unspecified,,22.0,12.0,,Employment - March 2011,2011-03
Permanent,Permanent,798557.0,1852519.0,1053961.0,,Employment - March 2011,2011-03
Non-permanent,20-Competitive Service,11368.0,30467.0,19099.0,,Employment - March 2011,2011-03
Non-permanent,40-Excepted Service - Schedule A,8260.0,18239.0,9979.0,,Employment - March 2011,2011-03
Non-permanent,42-Excepted Service - Schedule B,3905.0,8348.0,4443.0,,Employment - March 2011,2011-03
Non-permanent,44-Excepted Service - Schedule C,781.0,1489.0,708.0,,Employment - March 2011,2011-03
Non-permanent,46-Excepted Service - Executive,187.0,635.0,448.0,,Employment - March 2011,2011-03
Non-permanent,48-Excepted Service - Other,15679.0,34535.0,18856.0,,Employment - March 2011,2011-03
Non-permanent,60-Senior Executive Service - Limited Term,42.0,131.0,89.0,,Employment - March 2011,2011-03
Non-permanent,65-Senior Executive Service - Limited Emergency,,,,,Employment - March 2011,2011-03
Non-permanent,Non-permanent,40223.0,93846.0,53623.0,,Employment - March 2011,2011-03
Unspecified,Unspecified,43.0,101.0,58.0,,Employment - March 2011,2011-03
Permanent,10-Competitive Service - Career,504386.0,1146162.0,641776.0,,Employment - June 2011,2011-06
Permanent,15-Competitive Service - Career-Conditional,109860.0,289351.0,179491.0,,Employment - June 2011,2011-06
Permanent,30-Excepted Service - Schedule A,18287.0,43233.0,24946.0,,Employment - June 2011,2011-06
Permanent,32-Excepted Service - Schedule B,5953.0,14157.0,8204.0,,Employment - June 2011,2011-06
Permanent,36-Excepted Service - Executive,,28.0,17.0,,Employment - June 2011,2011-06
Permanent,38-Excepted Service - Other,157224.0,354204.0,196979.0,,Employment - June 2011,2011-06
Permanent,50-Senior Executive Service - Career,2218.0,7127.0,4909.0,,Employment - June 2011,2011-06
Permanent,55-Senior Executive Service - Non-Career,286.0,689.0,403.0,,Employment - June 2011,2011-06
Permanent,**-Unspecified,,22.0,,,Employment - June 2011,2011-06
Permanent,Permanent,798236.0,1854973.0,1056736.0,,Employment - June 2011,2011-06
Non-permanent,20-Competitive Service,13950.0,40948.0,26998.0,,Employment - June 2011,2011-06
Non-permanent,40-Excepted Service - Schedule A,8795.0,20627.0,11832.0,,Employment - June 2011,2011-06
Non-permanent,42-Excepted Service - Schedule B,11452.0,24862.0,13410.0,,Employment - June 2011,2011-06
Non-permanent,44-Excepted Service - Schedule C,766.0,1472.0,706.0,,Employment - June 2011,2011-06
Non-permanent,46-Excepted Service - Executive,199.0,643.0,444.0,,Employment - June 2011,2011-06
Non-permanent,48-Excepted Service - Other,16005.0,35689.0,19684.0,,Employment - June 2011,2011-06
Non-permanent,60-Senior Executive Service - Limited Term,40.0,119.0,79.0,,Employment - June 2011,2011-06
Non-permanent,65-Senior Executive Service - Limited Emergency,,,,,Employment - June 2011,2011-06
Non-permanent,Non-permanent,51210.0,124364.0,73154.0,,Employment - June 2011,2011-06
Unspecified,Unspecified,44.0,106.0,62.0,,Employment - June 2011,2011-06
Permanent,10-Competitive Service - Career,509058.0,1158929.0,649871.0,,Employment - September 2011,2011-09
Permanent,15-Competitive Service - Career-Conditional,103896.0,279165.0,175269.0,,Employment - September 2011,2011-09
Permanent,30-Excepted Service - Schedule A,18302.0,43354.0,25052.0,,Employment - September 2011,2011-09
Permanent,32-Excepted Service - Schedule B,5102.0,12185.0,7083.0,,Employment - September 2011,2011-09
Permanent,36-Excepted Service - Executive,,27.0,16.0,,Employment - September 2011,2011-09
Permanent,38-Excepted Service - Other,157732.0,355099.0,197366.0,,Employment - September 2011,2011-09
Permanent,50-Senior Executive Service - Career,2235.0,7126.0,4891.0,,Employment - September 2011,2011-09
Permanent,55-Senior Executive Service - Non-Career,278.0,668.0,390.0,,Employment - September 2011,2011-09
Permanent,**-Unspecified,13.0,27.0,14.0,,Employment - September 2011,2011-09
Permanent,Permanent,796627.0,1856580.0,1059952.0,,Employment - September 2011,2011-09
Non-permanent,20-Competitive Service,12728.0,37145.0,24417.0,,Employment - September 2011,2011-09
Non-permanent,40-Excepted Service - Schedule A,8043.0,18809.0,10766.0,,Employment - September 2011,2011-09
Non-permanent,42-Excepted Service - Schedule B,5643.0,12221.0,6578.0,,Employment - September 2011,2011-09
Non-permanent,44-Excepted Service - Schedule C,752.0,1439.0,687.0,,Employment - September 2011,2011-09
Non-permanent,46-Excepted Service - Executive,192.0,633.0,441.0,,Employment - September 2011,2011-09
Non-permanent,48-Excepted Service - Other,15779.0,35073.0,19294.0,,Employment - September 2011,2011-09
Non-permanent,60-Senior Executive Service - Limited Term,37.0,125.0,88.0,,Employment - September 2011,2011-09
Non-permanent,65-Senior Executive Service - Limited Emergency,,,,,Employment - September 2011,2011-09
Non-permanent,Non-permanent,43177.0,105449.0,62272.0,,Employment - September 2011,2011-09
Unspecified,Unspecified,45.0,109.0,64.0,,Employment - September 2011,2011-09
Permanent,10-Competitive Service - Career,508105.0,1160301.0,652196.0,,Employment - December 2011,2011-12
Permanent,15-Competitive Service - Career-Conditional,99632.0,269717.0,170085.0,,Employment - December 2011,2011-12
Permanent,30-Excepted Service - Schedule A,18336.0,43496.0,25160.0,,Employment - December 2011,2011-12
Permanent,32-Excepted Service - Schedule B,5237.0,12446.0,7209.0,,Employment - December 2011,2011-12
Permanent,36-Excepted Service - Executive,,25.0,15.0,,Employment - December 2011,2011-12
Permanent,38-Excepted Service - Other,158412.0,355952.0,197540.0,,Employment - December 2011,2011-12
Permanent,50-Senior Executive Service - Career,2269.0,7133.0,4864.0,,Employment - December 2011,2011-12
Permanent,55-Senior Executive Service - Non-Career,289.0,675.0,386.0,,Employment - December 2011,2011-12
Permanent,**-Unspecified,12.0,23.0,,,Employment - December 2011,2011-12
Permanent,Permanent,792302.0,1849768.0,1057466.0,,Employment - December 2011,2011-12
Non-permanent,20-Competitive Service,9864.0,26339.0,16475.0,,Employment - December 2011,2011-12
Non-permanent,40-Excepted Service - Schedule A,7353.0,16738.0,9385.0,,Employment - December 2011,2011-12
Non-permanent,42-Excepted Service - Schedule B,4272.0,8981.0,4709.0,,Employment - December 2011,2011-12
Non-permanent,44-Excepted Service - Schedule C,733.0,1419.0,686.0,,Employment - December 2011,2011-12
Non-permanent,46-Excepted Service - Executive,195.0,636.0,441.0,,Employment - December 2011,2011-12
Non-permanent,48-Excepted Service - Other,15376.0,34350.0,18974.0,,Employment - December 2011,2011-12
Non-permanent,60-Senior Executive Service - Limited Term,39.0,115.0,76.0,,Employment - December 2011,2011-12
Non-permanent,65-Senior Executive Service - Limited Emergency,,,,,Employment - December 2011,2011-12
Non-permanent,Non-permanent,37835.0,88582.0,50747.0,,Employment - December 2011,2011-12
Unspecified,Unspecified,46.0,112.0,66.0,,Employment - December 2011,2011-12
Permanent,10-Competitive Service - Career,508654.0,1165007.0,656353.0,,Employment - March 2012,2012-03
Permanent,15-Competitive Service - Career-Conditional,95790.0,259345.0,163555.0,,Employment - March 2012,2012-03
Permanent,30-Excepted Service - Schedule A,18501.0,43891.0,25390.0,,Employment - March 2012,2012-03
Permanent,32-Excepted Service - Schedule B,4939.0,11538.0,6599.0,,Employment - March 2012,2012-03
Permanent,36-Excepted Service - Executive,,25.0,15.0,,Employment - March 2012,2012-03
Permanent,38-Excepted Service - Other,159075.0,356837.0,197762.0,,Employment - March 2012,2012-03
Permanent,50-Senior Executive Service - Career,2269.0,7143.0,4874.0,,Employment - March 2012,2012-03
Permanent,55-Senior Executive Service - Non-Career,294.0,680.0,386.0,,Employment - March 2012,2012-03
Permanent,**-Unspecified,,19.0,,,Employment - March 2012,2012-03
Permanent,Permanent,789543.0,1844485.0,1054942.0,,Employment - March 2012,2012-03
Non-permanent,20-Competitive Service,9875.0,25871.0,15996.0,,Employment - March 2012,2012-03
Non-permanent,40-Excepted Service - Schedule A,6973.0,15856.0,8883.0,,Employment - March 2012,2012-03
Non-permanent,42-Excepted Service - Schedule B,3114.0,6682.0,3568.0,,Employment - March 2012,2012-03
Non-permanent,44-Excepted Service - Schedule C,750.0,1437.0,687.0,,Employment - March 2012,2012-03
Non-permanent,46-Excepted Service - Executive,187.0,618.0,431.0,,Employment - March 2012,2012-03
Non-permanent,48-Excepted Service - Other,15119.0,33993.0,18874.0,,Employment - March 2012,2012-03
Non-permanent,60-Senior Executive Service - Limited Term,38.0,116.0,78.0,,Employment - March 2012,2012-03
Non-permanent,65-Senior Executive Service - Limited Emergency,,,,,Employment - March 2012,2012-03
Non-permanent,Non-permanent,36059.0,84576.0,48517.0,,Employment - March 2012,2012-03
Unspecified,Unspecified,46.0,114.0,68.0,,Employment - March 2012,2012-03
Permanent,10-Competitive Service - Career,511508.0,1175565.0,664057.0,,Employment - June 2012,2012-06
Permanent,15-Competitive Service - Career-Conditional,89465.0,244861.0,155396.0,,Employment - June 2012,2012-06
Permanent,30-Excepted Service - Schedule A,18736.0,44360.0,25624.0,,Employment - June 2012,2012-06
Permanent,32-Excepted Service - Schedule B,6332.0,14645.0,8313.0,,Employment - June 2012,2012-06
Permanent,36-Excepted Service - Executive,,25.0,15.0,,Employment - June 2012,2012-06
Permanent,38-Excepted Service - Other,159538.0,356817.0,197279.0,,Employment - June 2012,2012-06
Permanent,50-Senior Executive Service - Career,2287.0,7085.0,4798.0,,Employment - June 2012,2012-06
Permanent,55-Senior Executive Service - Non-Career,292.0,681.0,389.0,,Employment - June 2012,2012-06
Permanent,**-Unspecified,12.0,20.0,,,Employment - June 2012,2012-06
Permanent,Permanent,788180.0,1844059.0,1055879.0,,Employment - June 2012,2012-06
Non-permanent,20-Competitive Service,12605.0,37327.0,24722.0,,Employment - June 2012,2012-06
Non-permanent,40-Excepted Service - Schedule A,7469.0,18202.0,10733.0,,Employment - June 2012,2012-06
Non-permanent,42-Excepted Service - Schedule B,10746.0,23028.0,12282.0,,Employment - June 2012,2012-06
Non-permanent,44-Excepted Service - Schedule C,737.0,1407.0,670.0,,Employment - June 2012,2012-06
Non-permanent,46-Excepted Service - Executive,194.0,632.0,438.0,,Employment - June 2012,2012-06
Non-permanent,48-Excepted Service - Other,15559.0,35004.0,19445.0,,Employment - June 2012,2012-06
Non-permanent,60-Senior Executive Service - Limited Term,37.0,116.0,79.0,,Employment - June 2012,2012-06
Non-permanent,65-Senior Executive Service - Limited Emergency,,,,,Employment - June 2012,2012-06
Non-permanent,Non-permanent,47349.0,115718.0,68369.0,,Employment - June 2012,2012-06
Unspecified,Unspecified,46.0,116.0,70.0,,Employment - June 2012,2012-06
Permanent,10-Competitive Service - Career,510397.0,1183842.0,673445.0,,Employment - September 2012,2012-09
Permanent,15-Competitive Service - Career-Conditional,82947.0,229282.0,146335.0,,Employment - September 2012,2012-09
Permanent,30-Excepted Service - Schedule A,18631.0,44341.0,25710.0,,Employment - September 2012,2012-09
Permanent,32-Excepted Service - Schedule B,4743.0,10937.0,6194.0,,Employment - September 2012,2012-09
Permanent,35-Excepted Service - Schedule D,629.0,1608.0,979.0,,Employment - September 2012,2012-09
Permanent,36-Excepted Service - Executive,13.0,30.0,17.0,,Employment - September 2012,2012-09
Permanent,38-Excepted Service - Other,170083.0,372381.0,202298.0,,Employment - September 2012,2012-09
Permanent,50-Senior Executive Service - Career,2342.0,7198.0,4856.0,,Employment - September 2012,2012-09
Permanent,55-Senior Executive Service - Non-Career,289.0,674.0,385.0,,Employment - September 2012,2012-09
Permanent,**-Unspecified,,18.0,,,Employment - September 2012,2012-09
Permanent,Permanent,790085.0,1850311.0,1060226.0,,Employment - September 2012,2012-09
Non-permanent,20-Competitive Service,11547.0,34303.0,22756.0,,Employment - September 2012,2012-09
Non-permanent,40-Excepted Service - Schedule A,6914.0,16679.0,9765.0,,Employment - September 2012,2012-09
Non-permanent,42-Excepted Service - Schedule B,4120.0,8917.0,4797.0,,Employment - September 2012,2012-09
Non-permanent,44-Excepted Service - Schedule C,750.0,1408.0,658.0,,Employment - September 2012,2012-09
Non-permanent,45-Excepted Service - Schedule D,929.0,1804.0,875.0,,Employment - September 2012,2012-09
Non-permanent,46-Excepted Service - Executive,193.0,632.0,439.0,,Employment - September 2012,2012-09
Non-permanent,48-Excepted Service - Other,15680.0,34830.0,19150.0,,Employment - September 2012,2012-09
Non-permanent,60-Senior Executive Service - Limited Term,36.0,114.0,78.0,,Employment - September 2012,2012-09
Non-permanent,65-Senior Executive Service - Limited Emergency,,,,,Employment - September 2012,2012-09
Non-permanent,Non-permanent,40171.0,98689.0,58518.0,,Employment - September 2012,2012-09
Unspecified,Unspecified,,16.0,,,Employment - September 2012,2012-09
Permanent,10-Competitive Service - Career,511719.0,1190864.0,679145.0,,Employment - December 2012,2012-12
Permanent,15-Competitive Service - Career-Conditional,80739.0,222740.0,142001.0,,Employment - December 2012,2012-12
Permanent,30-Excepted Service - Schedule A,18623.0,44317.0,25694.0,,Employment - December 2012,2012-12
Permanent,32-Excepted Service - Schedule B,2466.0,5802.0,3336.0,,Employment - December 2012,2012-12
Permanent,35-Excepted Service - Schedule D,2930.0,6749.0,3819.0,,Employment - December 2012,2012-12
Permanent,36-Excepted Service - Executive,13.0,30.0,17.0,,Employment - December 2012,2012-12
Permanent,38-Excepted Service - Other,172170.0,375793.0,203623.0,,Employment - December 2012,2012-12
Permanent,50-Senior Executive Service - Career,2365.0,7299.0,4934.0,,Employment - December 2012,2012-12
Permanent,55-Senior Executive Service - Non-Career,282.0,654.0,372.0,,Employment - December 2012,2012-12
Permanent,**-Unspecified,,18.0,,,Employment - December 2012,2012-12
Permanent,Permanent,791318.0,1854266.0,1062948.0,,Employment - December 2012,2012-12
Non-permanent,20-Competitive Service,8989.0,24476.0,15487.0,,Employment - December 2012,2012-12
Non-permanent,40-Excepted Service - Schedule A,6814.0,15451.0,8637.0,,Employment - December 2012,2012-12
Non-permanent,42-Excepted Service - Schedule B,1533.0,3539.0,2006.0,,Employment - December 2012,2012-12
Non-permanent,44-Excepted Service - Schedule C,733.0,1375.0,642.0,,Employment - December 2012,2012-12
Non-permanent,45-Excepted Service - Schedule D,2275.0,4249.0,1974.0,,Employment - December 2012,2012-12
Non-permanent,46-Excepted Service - Executive,187.0,615.0,428.0,,Employment - December 2012,2012-12
Non-permanent,48-Excepted Service - Other,15633.0,34829.0,19196.0,,Employment - December 2012,2012-12
Non-permanent,60-Senior Executive Service - Limited Term,34.0,101.0,67.0,,Employment - December 2012,2012-12
Non-permanent,65-Senior Executive Service - Limited Emergency,,,,,Employment - December 2012,2012-12
Non-permanent,Non-permanent,36199.0,84636.0,48437.0,,Employment - December 2012,2012-12
Unspecified,Unspecified,,13.0,,,Employment - December 2012,2012-12
Permanent,10-Competitive Service - Career,511591.0,1193258.0,681667.0,,Employment - March 2013,2013-03
Permanent,15-Competitive Service - Career-Conditional,76809.0,212423.0,135614.0,,Employment - March 2013,2013-03
Permanent,30-Excepted Service - Schedule A,18485.0,44063.0,25578.0,,Employment - March 2013,2013-03
Permanent,32-Excepted Service - Schedule B,4295.0,10123.0,5828.0,,Employment - March 2013,2013-03
Permanent,35-Excepted Service - Schedule D,779.0,1588.0,809.0,,Employment - March 2013,2013-03
Permanent,36-Excepted Service - Executive,13.0,30.0,17.0,,Employment - March 2013,2013-03
Permanent,38-Excepted Service - Other,173117.0,375978.0,202861.0,,Employment - March 2013,2013-03
Permanent,50-Senior Executive Service - Career,2340.0,7206.0,4866.0,,Employment - March 2013,2013-03
Permanent,55-Senior Executive Service - Non-Career,263.0,600.0,337.0,,Employment - March 2013,2013-03
Permanent,**-Unspecified,,13.0,,,Employment - March 2013,2013-03
Permanent,Permanent,787701.0,1845282.0,1057581.0,,Employment - March 2013,2013-03
Non-permanent,20-Competitive Service,9568.0,24392.0,14824.0,,Employment - March 2013,2013-03
Non-permanent,40-Excepted Service - Schedule A,6308.0,13646.0,7338.0,,Employment - March 2013,2013-03
Non-permanent,42-Excepted Service - Schedule B,1832.0,4008.0,2176.0,,Employment - March 2013,2013-03
Non-permanent,44-Excepted Service - Schedule C,714.0,1321.0,607.0,,Employment - March 2013,2013-03
Non-permanent,45-Excepted Service - Schedule D,377.0,645.0,268.0,,Employment - March 2013,2013-03
Non-permanent,46-Excepted Service - Executive,179.0,588.0,409.0,,Employment - March 2013,2013-03
Non-permanent,48-Excepted Service - Other,15795.0,34675.0,18880.0,,Employment - March 2013,2013-03
Non-permanent,60-Senior Executive Service - Limited Term,33.0,106.0,73.0,,Employment - March 2013,2013-03
Non-permanent,65-Senior Executive Service - Limited Emergency,,,,,Employment - March 2013,2013-03
Non-permanent,Non-permanent,34807.0,79384.0,44577.0,,Employment - March 2013,2013-03
Unspecified,Unspecified,,12.0,,,Employment - March 2013,2013-03
Permanent,10-Competitive Service - Career,514137.0,1202720.0,688583.0,,Employment - June 2013,2013-06
Permanent,15-Competitive Service - Career-Conditional,69074.0,192656.0,123582.0,,Employment - June 2013,2013-06
Permanent,30-Excepted Service - Schedule A,18294.0,43932.0,25638.0,,Employment - June 2013,2013-06
Permanent,32-Excepted Service - Schedule B,4464.0,10664.0,6200.0,,Employment - June 2013,2013-06
Permanent,35-Excepted Service - Schedule D,1246.0,2706.0,1460.0,,Employment - June 2013,2013-06
Permanent,36-Excepted Service - Executive,13.0,29.0,16.0,,Employment - June 2013,2013-06
Permanent,38-Excepted Service - Other,174090.0,376514.0,202424.0,,Employment - June 2013,2013-06
Permanent,50-Senior Executive Service - Career,2344.0,7187.0,4843.0,,Employment - June 2013,2013-06
Permanent,55-Senior Executive Service - Non-Career,272.0,613.0,341.0,,Employment - June 2013,2013-06
Permanent,**-Unspecified,,17.0,,,Employment - June 2013,2013-06
Permanent,Permanent,783943.0,1837038.0,1053095.0,,Employment - June 2013,2013-06
Non-permanent,20-Competitive Service,12352.0,36319.0,23967.0,,Employment - June 2013,2013-06
Non-permanent,40-Excepted Service - Schedule A,6126.0,14113.0,7987.0,,Employment - June 2013,2013-06
Non-permanent,42-Excepted Service - Schedule B,2107.0,4742.0,2635.0,,Employment - June 2013,2013-06
Non-permanent,44-Excepted Service - Schedule C,694.0,1304.0,610.0,,Employment - June 2013,2013-06
Non-permanent,45-Excepted Service - Schedule D,1611.0,3275.0,1664.0,,Employment - June 2013,2013-06
Non-permanent,46-Excepted Service - Executive,172.0,564.0,392.0,,Employment - June 2013,2013-06
Non-permanent,48-Excepted Service - Other,16157.0,35569.0,19412.0,,Employment - June 2013,2013-06
Non-permanent,60-Senior Executive Service - Limited Term,34.0,102.0,68.0,,Employment - June 2013,2013-06
Non-permanent,65-Senior Executive Service - Limited Emergency,,,,,Employment - June 2013,2013-06
Non-permanent,Non-permanent,39254.0,95991.0,56737.0,,Employment - June 2013,2013-06
Unspecified,Unspecified,,15.0,,,Employment - June 2013,2013-06
Permanent,10-Competitive Service - Career,518922.0,1218515.0,699593.0,,Employment - September 2013,2013-09
Permanent,15-Competitive Service - Career-Conditional,61019.0,171942.0,110923.0,,Employment - September 2013,2013-09
Permanent,30-Excepted Service - Schedule A,18362.0,44105.0,25743.0,,Employment - September 2013,2013-09
Permanent,32-Excepted Service - Schedule B,3499.0,8450.0,4951.0,,Employment - September 2013,2013-09
Permanent,35-Excepted Service - Schedule D,1260.0,2832.0,1572.0,,Employment - September 2013,2013-09
Permanent,36-Excepted Service - Executive,13.0,30.0,17.0,,Employment - September 2013,2013-09
Permanent,38-Excepted Service - Other,175556.0,378018.0,202462.0,,Employment - September 2013,2013-09
Permanent,50-Senior Executive Service - Career,2346.0,7189.0,4843.0,,Employment - September 2013,2013-09
Permanent,55-Senior Executive Service - Non-Career,283.0,625.0,342.0,,Employment - September 2013,2013-09
Permanent,**-Unspecified,,17.0,,,Employment - September 2013,2013-09
Permanent,Permanent,781268.0,1831723.0,1050455.0,,Employment - September 2013,2013-09
Non-permanent,20-Competitive Service,11123.0,33373.0,22250.0,,Employment - September 2013,2013-09
Non-permanent,40-Excepted Service - Schedule A,5366.0,12175.0,6809.0,,Employment - September 2013,2013-09
Non-permanent,42-Excepted Service - Schedule B,1243.0,2891.0,1648.0,,Employment - September 2013,2013-09
Non-permanent,44-Excepted Service - Schedule C,701.0,1308.0,607.0,,Employment - September 2013,2013-09
Non-permanent,45-Excepted Service - Schedule D,881.0,1678.0,797.0,,Employment - September 2013,2013-09
Non-permanent,46-Excepted Service - Executive,174.0,562.0,388.0,,Employment - September 2013,2013-09
Non-permanent,48-Excepted Service - Other,15826.0,34048.0,18222.0,,Employment - September 2013,2013-09
Non-permanent,60-Senior Executive Service - Limited Term,31.0,92.0,61.0,,Employment - September 2013,2013-09
Non-permanent,65-Senior Executive Service - Limited Emergency,,,,,Employment - September 2013,2013-09
Non-permanent,Non-permanent,35346.0,86129.0,50783.0,,Employment - September 2013,2013-09
Unspecified,Unspecified,,,,,Employment - September 2013,2013-09
Permanent,10-Competitive Service - Career,520980.0,1226885.0,705905.0,,Employment - December 2013,2013-12
Permanent,15-Competitive Service - Career-Conditional,55667.0,157808.0,102141.0,,Employment - December 2013,2013-12
Permanent,30-Excepted Service - Schedule A,18282.0,44030.0,25748.0,,Employment - December 2013,2013-12
Permanent,32-Excepted Service - Schedule B,3206.0,7915.0,4709.0,,Employment - December 2013,2013-12
Permanent,35-Excepted Service - Schedule D,1460.0,3285.0,1825.0,,Employment - December 2013,2013-12
Permanent,36-Excepted Service - Executive,13.0,29.0,16.0,,Employment - December 2013,2013-12
Permanent,38-Excepted Service - Other,177268.0,380286.0,203018.0,,Employment - December 2013,2013-12
Permanent,50-Senior Executive Service - Career,2349.0,7187.0,4838.0,,Employment - December 2013,2013-12
Permanent,55-Senior Executive Service - Non-Career,297.0,647.0,350.0,,Employment - December 2013,2013-12
Permanent,**-Unspecified,,20.0,,,Employment - December 2013,2013-12
Permanent,Permanent,779531.0,1828092.0,1048561.0,,Employment - December 2013,2013-12
Non-permanent,20-Competitive Service,7875.0,21858.0,13983.0,,Employment - December 2013,2013-12
Non-permanent,40-Excepted Service - Schedule A,4936.0,10468.0,5532.0,,Employment - December 2013,2013-12
Non-permanent,42-Excepted Service - Schedule B,1071.0,2488.0,1417.0,,Employment - December 2013,2013-12
Non-permanent,44-Excepted Service - Schedule C,710.0,1312.0,602.0,,Employment - December 2013,2013-12
Non-permanent,45-Excepted Service - Schedule D,741.0,1385.0,644.0,,Employment - December 2013,2013-12
Non-permanent,46-Excepted Service - Executive,172.0,568.0,396.0,,Employment - December 2013,2013-12
Non-permanent,48-Excepted Service - Other,15284.0,32949.0,17665.0,,Employment - December 2013,2013-12
Non-permanent,60-Senior Executive Service - Limited Term,34.0,97.0,63.0,,Employment - December 2013,2013-12
Non-permanent,65-Senior Executive Service - Limited Emergency,,,,,Employment - December 2013,2013-12
Non-permanent,Non-permanent,30824.0,71126.0,40302.0,,Employment - December 2013,2013-12
Unspecified,Unspecified,,,,,Employment - December 2013,2013-12
Permanent,10-Competitive Service - Career,518021.0,1223707.0,705686.0,,Employment - March 2014,2014-03
Permanent,15-Competitive Service - Career-Conditional,51745.0,146433.0,94688.0,,Employment - March 2014,2014-03
Permanent,30-Excepted Service - Schedule A,18173.0,43782.0,25609.0,,Employment - March 2014,2014-03
Permanent,32-Excepted Service - Schedule B,2888.0,7266.0,4378.0,,Employment - March 2014,2014-03
Permanent,35-Excepted Service - Schedule D,1495.0,3415.0,1920.0,,Employment - March 2014,2014-03
Permanent,36-Excepted Service - Executive,14.0,30.0,16.0,,Employment - March 2014,2014-03
Permanent,38-Excepted Service - Other,177660.0,380174.0,202514.0,,Employment - March 2014,2014-03
Permanent,50-Senior Executive Service - Career,2311.0,7054.0,4743.0,,Employment - March 2014,2014-03
Permanent,55-Senior Executive Service - Non-Career,301.0,656.0,355.0,,Employment - March 2014,2014-03
Permanent,**-Unspecified,12.0,27.0,15.0,,Employment - March 2014,2014-03
Permanent,Permanent,772620.0,1812544.0,1039924.0,,Employment - March 2014,2014-03
Non-permanent,20-Competitive Service,7627.0,20923.0,13296.0,,Employment - March 2014,2014-03
Non-permanent,40-Excepted Service - Schedule A,4842.0,10255.0,5413.0,,Employment - March 2014,2014-03
Non-permanent,42-Excepted Service - Schedule B,854.0,2028.0,1174.0,,Employment - March 2014,2014-03
Non-permanent,44-Excepted Service - Schedule C,722.0,1330.0,608.0,,Employment - March 2014,2014-03
Non-permanent,45-Excepted Service - Schedule D,573.0,1099.0,526.0,,Employment - March 2014,2014-03
Non-permanent,46-Excepted Service - Executive,169.0,551.0,382.0,,Employment - March 2014,2014-03
Non-permanent,48-Excepted Service - Other,15283.0,33286.0,18003.0,,Employment - March 2014,2014-03
Non-permanent,60-Senior Executive Service - Limited Term,32.0,97.0,65.0,,Employment - March 2014,2014-03
Non-permanent,65-Senior Executive Service - Limited Emergency,,,,,Employment - March 2014,2014-03
Non-permanent,Non-permanent,30103.0,69570.0,39467.0,,Employment - March 2014,2014-03
Unspecified,Unspecified,,,,,Employment - March 2014,2014-03
Permanent,10-Competitive Service - Career,516141.0,1222557.0,706416.0,,Employment - June 2014,2014-06
Permanent,15-Competitive Service - Career-Conditional,52196.0,146289.0,94093.0,,Employment - June 2014,2014-06
Permanent,30-Excepted Service - Schedule A,18297.0,43914.0,25617.0,,Employment - June 2014,2014-06
Permanent,32-Excepted Service - Schedule B,2823.0,7113.0,4290.0,,Employment - June 2014,2014-06
Permanent,35-Excepted Service - Schedule D,2367.0,5586.0,3219.0,,Employment - June 2014,2014-06
Permanent,36-Excepted Service - Executive,14.0,30.0,16.0,,Employment - June 2014,2014-06
Permanent,38-Excepted Service - Other,179174.0,383071.0,203897.0,,Employment - June 2014,2014-06
Permanent,50-Senior Executive Service - Career,2305.0,7010.0,4705.0,,Employment - June 2014,2014-06
Permanent,55-Senior Executive Service - Non-Career,303.0,662.0,359.0,,Employment - June 2014,2014-06
Permanent,**-Unspecified,,20.0,,,Employment - June 2014,2014-06
Permanent,Permanent,773630.0,1816252.0,1042622.0,,Employment - June 2014,2014-06
Non-permanent,20-Competitive Service,11821.0,36223.0,24402.0,,Employment - June 2014,2014-06
Non-permanent,40-Excepted Service - Schedule A,5609.0,12878.0,7269.0,,Employment - June 2014,2014-06
Non-permanent,42-Excepted Service - Schedule B,1048.0,2530.0,1482.0,,Employment - June 2014,2014-06
Non-permanent,44-Excepted Service - Schedule C,713.0,1321.0,608.0,,Employment - June 2014,2014-06
Non-permanent,45-Excepted Service - Schedule D,2567.0,5339.0,2772.0,,Employment - June 2014,2014-06
Non-permanent,46-Excepted Service - Executive,184.0,574.0,390.0,,Employment - June 2014,2014-06
Non-permanent,48-Excepted Service - Other,16070.0,35195.0,19125.0,,Employment - June 2014,2014-06
Non-permanent,60-Senior Executive Service - Limited Term,32.0,95.0,63.0,,Employment - June 2014,2014-06
Non-permanent,65-Senior Executive Service - Limited Emergency,,,,,Employment - June 2014,2014-06
Non-permanent,Non-permanent,38045.0,94156.0,56111.0,,Employment - June 2014,2014-06
Unspecified,Unspecified,,,,,Employment - June 2014,2014-06
Permanent,10-Competitive Service - Career,516503.0,1225956.0,709453.0,,Employment - September 2014,2014-09
Permanent,15-Competitive Service - Career-Conditional,53417.0,148238.0,94819.0,,Employment - September 2014,2014-09
Permanent,30-Excepted Service - Schedule A,18541.0,44405.0,25864.0,,Employment - September 2014,2014-09
Permanent,32-Excepted Service - Schedule B,2382.0,6025.0,3643.0,,Employment - September 2014,2014-09
Permanent,35-Excepted Service - Schedule D,2654.0,6011.0,3357.0,,Employment - September 2014,2014-09
Permanent,36-Excepted Service - Executive,14.0,33.0,19.0,,Employment - September 2014,2014-09
Permanent,38-Excepted Service - Other,181327.0,387385.0,206058.0,,Employment - September 2014,2014-09
Permanent,50-Senior Executive Service - Career,2302.0,7011.0,4709.0,,Employment - September 2014,2014-09
Permanent,55-Senior Executive Service - Non-Career,307.0,682.0,375.0,,Employment - September 2014,2014-09
Permanent,**-Unspecified,,16.0,,,Employment - September 2014,2014-09
Permanent,Permanent,777455.0,1825762.0,1048305.0,,Employment - September 2014,2014-09
Non-permanent,20-Competitive Service,10630.0,33120.0,22490.0,,Employment - September 2014,2014-09
Non-permanent,40-Excepted Service - Schedule A,5320.0,11899.0,6579.0,,Employment - September 2014,2014-09
Non-permanent,42-Excepted Service - Schedule B,789.0,1987.0,1198.0,,Employment - September 2014,2014-09
Non-permanent,44-Excepted Service - Schedule C,747.0,1387.0,640.0,,Employment - September 2014,2014-09
Non-permanent,45-Excepted Service - Schedule D,1506.0,2882.0,1376.0,,Employment - September 2014,2014-09
Non-permanent,46-Excepted Service - Executive,188.0,578.0,390.0,,Employment - September 2014,2014-09
Non-permanent,48-Excepted Service - Other,16032.0,34674.0,18642.0,,Employment - September 2014,2014-09
Non-permanent,60-Senior Executive Service - Limited Term,31.0,95.0,64.0,,Employment - September 2014,2014-09
Non-permanent,65-Senior Executive Service - Limited Emergency,,,,,Employment - September 2014,2014-09
Non-permanent,Non-permanent,35244.0,86624.0,51380.0,,Employment - September 2014,2014-09
Unspecified,Unspecified,,,,,Employment - September 2014,2014-09
Permanent,10-Competitive Service - Career,513172.0,1221558.0,708385.0,,Employment - December 2014,2014-12
Permanent,15-Competitive Service - Career-Conditional,54103.0,150320.0,96212.0,,Employment - December 2014,2014-12
Permanent,30-Excepted Service - Schedule A,18743.0,44855.0,26112.0,,Employment - December 2014,2014-12
Permanent,32-Excepted Service - Schedule B,2279.0,5846.0,3567.0,,Employment - December 2014,2014-12
Permanent,35-Excepted Service - Schedule D,3186.0,7031.0,3845.0,,Employment - December 2014,2014-12
Permanent,36-Excepted Service - Executive,14.0,34.0,20.0,,Employment - December 2014,2014-12
Permanent,38-Excepted Service - Other,183404.0,390758.0,207354.0,,Employment - December 2014,2014-12
Permanent,50-Senior Executive Service - Career,2340.0,7102.0,4762.0,,Employment - December 2014,2014-12
Permanent,55-Senior Executive Service - Non-Career,322.0,694.0,372.0,,Employment - December 2014,2014-12
Permanent,**-Unspecified,,19.0,,,Employment - December 2014,2014-12
Permanent,Permanent,777572.0,1828217.0,1050639.0,,Employment - December 2014,2014-12
Non-permanent,20-Competitive Service,7103.0,21114.0,14011.0,,Employment - December 2014,2014-12
Non-permanent,40-Excepted Service - Schedule A,5026.0,10543.0,5517.0,,Employment - December 2014,2014-12
Non-permanent,42-Excepted Service - Schedule B,741.0,1971.0,1230.0,,Employment - December 2014,2014-12
Non-permanent,44-Excepted Service - Schedule C,797.0,1449.0,652.0,,Employment - December 2014,2014-12
Non-permanent,45-Excepted Service - Schedule D,1074.0,2065.0,991.0,,Employment - December 2014,2014-12
Non-permanent,46-Excepted Service - Executive,186.0,593.0,407.0,,Employment - December 2014,2014-12
Non-permanent,48-Excepted Service - Other,15999.0,34333.0,18334.0,,Employment - December 2014,2014-12
Non-permanent,60-Senior Executive Service - Limited Term,29.0,92.0,63.0,,Employment - December 2014,2014-12
Non-permanent,65-Senior Executive Service - Limited Emergency,,,,,Employment - December 2014,2014-12
Non-permanent,Non-permanent,30956.0,72162.0,41206.0,,Employment - December 2014,2014-12
Unspecified,Unspecified,,,,,Employment - December 2014,2014-12
Permanent,10-Competitive Service - Career,508037.0,1211328.0,703290.0,,Employment - March 2015,2015-03
Permanent,15-Competitive Service - Career-Conditional,55359.0,153429.0,98067.0,,Employment - March 2015,2015-03
Permanent,30-Excepted Service - Schedule A,18839.0,45209.0,26370.0,,Employment - March 2015,2015-03
Permanent,32-Excepted Service - Schedule B,2141.0,5501.0,3360.0,,Employment - March 2015,2015-03
Permanent,35-Excepted Service - Schedule D,3136.0,7126.0,3990.0,,Employment - March 2015,2015-03
Permanent,36-Excepted Service - Executive,14.0,32.0,18.0,,Employment - March 2015,2015-03
Permanent,38-Excepted Service - Other,185113.0,392278.0,207165.0,,Employment - March 2015,2015-03
Permanent,50-Senior Executive Service - Career,2338.0,7054.0,4716.0,,Employment - March 2015,2015-03
Permanent,55-Senior Executive Service - Non-Career,348.0,737.0,389.0,,Employment - March 2015,2015-03
Permanent,**-Unspecified,,16.0,,,Employment - March 2015,2015-03
Permanent,Permanent,775332.0,1822710.0,1047374.0,,Employment - March 2015,2015-03
Non-permanent,20-Competitive Service,7381.0,21368.0,13987.0,,Employment - March 2015,2015-03
Non-permanent,40-Excepted Service - Schedule A,5226.0,10803.0,5577.0,,Employment - March 2015,2015-03
Non-permanent,42-Excepted Service - Schedule B,675.0,1892.0,1217.0,,Employment - March 2015,2015-03
Non-permanent,44-Excepted Service - Schedule C,815.0,1467.0,652.0,,Employment - March 2015,2015-03
Non-permanent,45-Excepted Service - Schedule D,776.0,1506.0,730.0,,Employment - March 2015,2015-03
Non-permanent,46-Excepted Service - Executive,177.0,579.0,402.0,,Employment - March 2015,2015-03
Non-permanent,48-Excepted Service - Other,16081.0,34544.0,18462.0,,Employment - March 2015,2015-03
Non-permanent,60-Senior Executive Service - Limited Term,32.0,85.0,53.0,,Employment - March 2015,2015-03
Non-permanent,65-Senior Executive Service - Limited Emergency,,,,,Employment - March 2015,2015-03
Non-permanent,Non-permanent,31164.0,72246.0,41081.0,,Employment - March 2015,2015-03
Unspecified,Unspecified,,,,,Employment - March 2015,2015-03
Permanent,10-Competitive Service - Career,505944.0,1209237.0,703288.0,,Employment - June 2015,2015-06
Permanent,15-Competitive Service - Career-Conditional,56976.0,157556.0,100575.0,,Employment - June 2015,2015-06
Permanent,30-Excepted Service - Schedule A,19183.0,45889.0,26706.0,,Employment - June 2015,2015-06
Permanent,32-Excepted Service - Schedule B,2134.0,5476.0,3342.0,,Employment - June 2015,2015-06
Permanent,35-Excepted Service - Schedule D,4362.0,10316.0,5954.0,,Employment - June 2015,2015-06
Permanent,36-Excepted Service - Executive,14.0,33.0,19.0,,Employment - June 2015,2015-06
Permanent,38-Excepted Service - Other,188260.0,397285.0,209021.0,,Employment - June 2015,2015-06
Permanent,50-Senior Executive Service - Career,2346.0,7077.0,4731.0,,Employment - June 2015,2015-06
Permanent,55-Senior Executive Service - Non-Career,351.0,736.0,385.0,,Employment - June 2015,2015-06
Permanent,**-Unspecified,,15.0,,,Employment - June 2015,2015-06
Permanent,Permanent,779579.0,1833620.0,1054027.0,14.0,Employment - June 2015,2015-06
Non-permanent,20-Competitive Service,11795.0,37296.0,25496.0,,Employment - June 2015,2015-06
Non-permanent,40-Excepted Service - Schedule A,6193.0,13843.0,7650.0,,Employment - June 2015,2015-06
Non-permanent,42-Excepted Service - Schedule B,741.0,2149.0,1408.0,,Employment - June 2015,2015-06
Non-permanent,44-Excepted Service - Schedule C,811.0,1474.0,663.0,,Employment - June 2015,2015-06
Non-permanent,45-Excepted Service - Schedule D,2803.0,5615.0,2812.0,,Employment - June 2015,2015-06
Non-permanent,46-Excepted Service - Executive,177.0,578.0,401.0,,Employment - June 2015,2015-06
Non-permanent,48-Excepted Service - Other,17206.0,36965.0,19759.0,,Employment - June 2015,2015-06
Non-permanent,60-Senior Executive Service - Limited Term,33.0,85.0,52.0,,Employment - June 2015,2015-06
Non-permanent,65-Senior Executive Service - Limited Emergency,,,,,Employment - June 2015,2015-06
Non-permanent,Non-permanent,39760.0,98006.0,58241.0,,Employment - June 2015,2015-06
Unspecified,Unspecified,,18.0,12.0,,Employment - June 2015,2015-06
Permanent,10-Competitive Service - Career,507034.0,1213748.0,706707.0,,Employment - September 2015,2015-09
Permanent,15-Competitive Service - Career-Conditional,59019.0,162157.0,103135.0,,Employment - September 2015,2015-09
Permanent,30-Excepted Service - Schedule A,19582.0,46660.0,27078.0,,Employment - September 2015,2015-09
Permanent,32-Excepted Service - Schedule B,1904.0,4896.0,2992.0,,Employment - September 2015,2015-09
Permanent,35-Excepted Service - Schedule D,3985.0,9149.0,5164.0,,Employment - September 2015,2015-09
Permanent,36-Excepted Service - Executive,14.0,33.0,19.0,,Employment - September 2015,2015-09
Permanent,38-Excepted Service - Other,192555.0,403951.0,211390.0,,Employment - September 2015,2015-09
Permanent,50-Senior Executive Service - Career,2360.0,7138.0,4778.0,,Employment - September 2015,2015-09
Permanent,55-Senior Executive Service - Non-Career,353.0,747.0,394.0,,Employment - September 2015,2015-09
Permanent,**-Unspecified,,15.0,,,Employment - September 2015,2015-09
Permanent,Permanent,786816.0,1848494.0,1061662.0,16.0,Employment - September 2015,2015-09
Non-permanent,20-Competitive Service,10847.0,34689.0,23842.0,,Employment - September 2015,2015-09
Non-permanent,40-Excepted Service - Schedule A,6065.0,13308.0,7243.0,,Employment - September 2015,2015-09
Non-permanent,42-Excepted Service - Schedule B,638.0,2007.0,1369.0,,Employment - September 2015,2015-09
Non-permanent,44-Excepted Service - Schedule C,812.0,1495.0,683.0,,Employment - September 2015,2015-09
Non-permanent,45-Excepted Service - Schedule D,1488.0,2781.0,1293.0,,Employment - September 2015,2015-09
Non-permanent,46-Excepted Service - Executive,175.0,568.0,393.0,,Employment - September 2015,2015-09
Non-permanent,48-Excepted Service - Other,17267.0,36891.0,19624.0,,Employment - September 2015,2015-09
Non-permanent,60-Senior Executive Service - Limited Term,29.0,83.0,54.0,,Employment - September 2015,2015-09
Non-permanent,65-Senior Executive Service - Limited Emergency,,,,,Employment - September 2015,2015-09
Non-permanent,Non-permanent,37322.0,91823.0,54501.0,,Employment - September 2015,2015-09
Unspecified,Unspecified,,30.0,19.0,,Employment - September 2015,2015-09
Permanent,10-Competitive Service - Career,506650.0,1214782.0,708126.0,,Employment - December 2015,2015-12
Permanent,15-Competitive Service - Career-Conditional,60562.0,165153.0,104586.0,,Employment - December 2015,2015-12
Permanent,30-Excepted Service - Schedule A,20201.0,47774.0,27573.0,,Employment - December 2015,2015-12
Permanent,32-Excepted Service - Schedule B,1853.0,4668.0,2815.0,,Employment - December 2015,2015-12
Permanent,35-Excepted Service - Schedule D,4553.0,10075.0,5521.0,,Employment - December 2015,2015-12
Permanent,36-Excepted Service - Executive,14.0,33.0,19.0,,Employment - December 2015,2015-12
Permanent,38-Excepted Service - Other,194025.0,406406.0,212362.0,19.0,Employment - December 2015,2015-12
Permanent,50-Senior Executive Service - Career,2418.0,7211.0,4793.0,,Employment - December 2015,2015-12
Permanent,55-Senior Executive Service - Non-Career,356.0,748.0,392.0,,Employment - December 2015,2015-12
Permanent,**-Unspecified,13.0,20.0,,,Employment - December 2015,2015-12
Permanent,Permanent,790645.0,1856870.0,1066194.0,31.0,Employment - December 2015,2015-12
Non-permanent,20-Competitive Service,7526.0,22910.0,15382.0,,Employment - December 2015,2015-12
Non-permanent,40-Excepted Service - Schedule A,5633.0,11576.0,5943.0,,Employment - December 2015,2015-12
Non-permanent,42-Excepted Service - Schedule B,625.0,2108.0,1483.0,,Employment - December 2015,2015-12
Non-permanent,44-Excepted Service - Schedule C,838.0,1535.0,697.0,,Employment - December 2015,2015-12
Non-permanent,45-Excepted Service - Schedule D,944.0,1783.0,839.0,,Employment - December 2015,2015-12
Non-permanent,46-Excepted Service - Executive,180.0,568.0,388.0,,Employment - December 2015,2015-12
Non-permanent,48-Excepted Service - Other,16770.0,36059.0,19288.0,,Employment - December 2015,2015-12
Non-permanent,60-Senior Executive Service - Limited Term,32.0,86.0,54.0,,Employment - December 2015,2015-12
Non-permanent,65-Senior Executive Service - Limited Emergency,,,,,Employment - December 2015,2015-12
Non-permanent,Non-permanent,32549.0,76626.0,44074.0,,Employment - December 2015,2015-12
Unspecified,Unspecified,12.0,28.0,16.0,,Employment - December 2015,2015-12
Permanent,10-Competitive Service - Career,498470.0,1199582.0,701108.0,,Employment - March 2016,2016-03
Permanent,15-Competitive Service - Career-Conditional,61394.0,167586.0,106187.0,,Employment - March 2016,2016-03
Permanent,30-Excepted Service - Schedule A,20463.0,48042.0,27579.0,,Employment - March 2016,2016-03
Permanent,32-Excepted Service - Schedule B,1795.0,4455.0,2660.0,,Employment - March 2016,2016-03
Permanent,35-Excepted Service - Schedule D,4459.0,9744.0,5284.0,,Employment - March 2016,2016-03
Permanent,36-Excepted Service - Executive,14.0,33.0,19.0,,Employment - March 2016,2016-03
Permanent,38-Excepted Service - Other,196597.0,409713.0,213086.0,30.0,Employment - March 2016,2016-03
Permanent,50-Senior Executive Service - Career,2427.0,7202.0,4774.0,,Employment - March 2016,2016-03
Permanent,55-Senior Executive Service - Non-Career,355.0,745.0,390.0,,Employment - March 2016,2016-03
Permanent,**-Unspecified,,14.0,,,Employment - March 2016,2016-03
Permanent,Permanent,785981.0,1847116.0,1061094.0,41.0,Employment - March 2016,2016-03
Non-permanent,20-Competitive Service,7635.0,22790.0,15152.0,,Employment - March 2016,2016-03
Non-permanent,40-Excepted Service - Schedule A,5680.0,11653.0,5973.0,,Employment - March 2016,2016-03
Non-permanent,42-Excepted Service - Schedule B,618.0,2180.0,1562.0,,Employment - March 2016,2016-03
Non-permanent,44-Excepted Service - Schedule C,846.0,1526.0,680.0,,Employment - March 2016,2016-03
Non-permanent,45-Excepted Service - Schedule D,714.0,1312.0,598.0,,Employment - March 2016,2016-03
Non-permanent,46-Excepted Service - Executive,182.0,568.0,386.0,,Employment - March 2016,2016-03
Non-permanent,48-Excepted Service - Other,16753.0,36144.0,19389.0,,Employment - March 2016,2016-03
Non-permanent,60-Senior Executive Service - Limited Term,35.0,85.0,50.0,,Employment - March 2016,2016-03
Non-permanent,65-Senior Executive Service - Limited Emergency,,,,,Employment - March 2016,2016-03
Non-permanent,Non-permanent,32466.0,76261.0,43790.0,,Employment - March 2016,2016-03
Unspecified,Unspecified,22.0,36.0,14.0,,Employment - March 2016,2016-03
Permanent,10-Competitive Service - Career,492924.0,1190146.0,697221.0,,Employment - June 2016,2016-06
Permanent,15-Competitive Service - Career-Conditional,65701.0,179445.0,113738.0,,Employment - June 2016,2016-06
Permanent,30-Excepted Service - Schedule A,20927.0,48703.0,27775.0,,Employment - June 2016,2016-06
Permanent,32-Excepted Service - Schedule B,1808.0,4546.0,2738.0,,Employment - June 2016,2016-06
Permanent,35-Excepted Service - Schedule D,5720.0,12780.0,7060.0,,Employment - June 2016,2016-06
Permanent,36-Excepted Service - Executive,14.0,33.0,19.0,,Employment - June 2016,2016-06
Permanent,38-Excepted Service - Other,200104.0,413865.0,213739.0,22.0,Employment - June 2016,2016-06
Permanent,50-Senior Executive Service - Career,2465.0,7260.0,4794.0,,Employment - June 2016,2016-06
Permanent,55-Senior Executive Service - Non-Career,352.0,747.0,395.0,,Employment - June 2016,2016-06
Permanent,**-Unspecified,12.0,19.0,,,Employment - June 2016,2016-06
Permanent,Permanent,790027.0,1857544.0,1067486.0,31.0,Employment - June 2016,2016-06
Non-permanent,20-Competitive Service,12533.0,39308.0,26774.0,,Employment - June 2016,2016-06
Non-permanent,40-Excepted Service - Schedule A,6575.0,14567.0,7992.0,,Employment - June 2016,2016-06
Non-permanent,42-Excepted Service - Schedule B,661.0,2424.0,1763.0,,Employment - June 2016,2016-06
Non-permanent,44-Excepted Service - Schedule C,853.0,1526.0,673.0,,Employment - June 2016,2016-06
Non-permanent,45-Excepted Service - Schedule D,2882.0,5781.0,2898.0,,Employment - June 2016,2016-06
Non-permanent,46-Excepted Service - Executive,181.0,553.0,372.0,,Employment - June 2016,2016-06
Non-permanent,48-Excepted Service - Other,17478.0,38176.0,20693.0,,Employment - June 2016,2016-06
Non-permanent,60-Senior Executive Service - Limited Term,34.0,91.0,57.0,,Employment - June 2016,2016-06
Non-permanent,65-Senior Executive Service - Limited Emergency,,,,,Employment - June 2016,2016-06
Non-permanent,Non-permanent,41200.0,102430.0,61223.0,,Employment - June 2016,2016-06
Unspecified,Unspecified,32.0,58.0,24.0,,Employment - June 2016,2016-06
Permanent,10-Competitive Service - Career,491325.0,1187793.0,696463.0,,Employment - September 2016,2016-09
Permanent,15-Competitive Service - Career-Conditional,69836.0,189870.0,119984.0,50.0,Employment - September 2016,2016-09
Permanent,30-Excepted Service - Schedule A,21282.0,49452.0,28168.0,,Employment - September 2016,2016-09
Permanent,32-Excepted Service - Schedule B,1746.0,4390.0,2644.0,,Employment - September 2016,2016-09
Permanent,35-Excepted Service - Schedule D,4872.0,10682.0,5810.0,,Employment - September 2016,2016-09
Permanent,36-Excepted Service - Executive,13.0,32.0,19.0,,Employment - September 2016,2016-09
Permanent,38-Excepted Service - Other,202278.0,417715.0,215366.0,71.0,Employment - September 2016,2016-09
Permanent,50-Senior Executive Service - Career,2506.0,7336.0,4829.0,,Employment - September 2016,2016-09
Permanent,55-Senior Executive Service - Non-Career,344.0,736.0,392.0,,Employment - September 2016,2016-09
Permanent,**-Unspecified,16.0,21.0,,,Employment - September 2016,2016-09
Permanent,Permanent,794218.0,1868027.0,1073680.0,129.0,Employment - September 2016,2016-09
Non-permanent,20-Competitive Service,11385.0,36173.0,24784.0,,Employment - September 2016,2016-09
Non-permanent,40-Excepted Service - Schedule A,6293.0,13936.0,7643.0,,Employment - September 2016,2016-09
Non-permanent,42-Excepted Service - Schedule B,648.0,2519.0,1870.0,,Employment - September 2016,2016-09
Non-permanent,44-Excepted Service - Schedule C,846.0,1515.0,669.0,,Employment - September 2016,2016-09
Non-permanent,45-Excepted Service - Schedule D,1332.0,2439.0,1106.0,,Employment - September 2016,2016-09
Non-permanent,46-Excepted Service - Executive,178.0,542.0,364.0,,Employment - September 2016,2016-09
Non-permanent,48-Excepted Service - Other,17185.0,37147.0,19922.0,40.0,Employment - September 2016,2016-09
Non-permanent,60-Senior Executive Service - Limited Term,36.0,86.0,50.0,,Employment - September 2016,2016-09
Non-permanent,65-Senior Executive Service - Limited Emergency,,,,,Employment - September 2016,2016-09
Non-permanent,Non-permanent,37906.0,94361.0,56409.0,46.0,Employment - September 2016,2016-09
Unspecified,Unspecified,139.0,237.0,92.0,,Employment - September 2016,2016-09
Permanent,10-Competitive Service - Career,489494.0,1184784.0,695276.0,14.0,Employment - December 2016,2016-12
Permanent,15-Competitive Service - Career-Conditional,73740.0,198692.0,124884.0,68.0,Employment - December 2016,2016-12
Permanent,30-Excepted Service - Schedule A,22036.0,50515.0,28472.0,,Employment - December 2016,2016-12
Permanent,32-Excepted Service - Schedule B,1682.0,4270.0,2588.0,,Employment - December 2016,2016-12
Permanent,35-Excepted Service - Schedule D,4894.0,10793.0,5893.0,,Employment - December 2016,2016-12
Permanent,36-Excepted Service - Executive,13.0,32.0,19.0,,Employment - December 2016,2016-12
Permanent,38-Excepted Service - Other,204478.0,421622.0,217016.0,128.0,Employment - December 2016,2016-12
Permanent,50-Senior Executive Service - Career,2567.0,7485.0,4917.0,,Employment - December 2016,2016-12
Permanent,55-Senior Executive Service - Non-Career,342.0,724.0,382.0,,Employment - December 2016,2016-12
Permanent,**-Unspecified,,18.0,,,Employment - December 2016,2016-12
Permanent,Permanent,799257.0,1878935.0,1079454.0,224.0,Employment - December 2016,2016-12
Non-permanent,20-Competitive Service,7581.0,23390.0,15805.0,,Employment - December 2016,2016-12
Non-permanent,40-Excepted Service - Schedule A,6061.0,12473.0,6412.0,,Employment - December 2016,2016-12
Non-permanent,42-Excepted Service - Schedule B,650.0,2579.0,1928.0,,Employment - December 2016,2016-12
Non-permanent,44-Excepted Service - Schedule C,805.0,1449.0,644.0,,Employment - December 2016,2016-12
Non-permanent,45-Excepted Service - Schedule D,870.0,1535.0,665.0,,Employment - December 2016,2016-12
Non-permanent,46-Excepted Service - Executive,173.0,519.0,346.0,,Employment - December 2016,2016-12
Non-permanent,48-Excepted Service - Other,16948.0,36721.0,19720.0,53.0,Employment - December 2016,2016-12
Non-permanent,60-Senior Executive Service - Limited Term,36.0,85.0,49.0,,Employment - December 2016,2016-12
Non-permanent,65-Senior Executive Service - Limited Emergency,,,,,Employment - December 2016,2016-12
Non-permanent,Non-permanent,33127.0,78755.0,45570.0,58.0,Employment - December 2016,2016-12
Unspecified,Unspecified,193.0,319.0,117.0,,Employment - December 2016,2016-12
Permanent,10-Competitive Service - Career,485146.0,1175433.0,690269.0,18.0,Employment - March 2017,2017-03
Permanent,15-Competitive Service - Career-Conditional,76964.0,204927.0,127887.0,76.0,Employment - March 2017,2017-03
Permanent,30-Excepted Service - Schedule A,22366.0,50897.0,28512.0,19.0,Employment - March 2017,2017-03
Permanent,32-Excepted Service - Schedule B,1667.0,4275.0,2608.0,,Employment - March 2017,2017-03
Permanent,35-Excepted Service - Schedule D,4770.0,10352.0,5576.0,,Employment - March 2017,2017-03
Permanent,36-Excepted Service - Executive,12.0,31.0,19.0,,Employment - March 2017,2017-03
Permanent,38-Excepted Service - Other,205907.0,422589.0,216492.0,190.0,Employment - March 2017,2017-03
Permanent,50-Senior Executive Service - Career,2585.0,7511.0,4925.0,,Employment - March 2017,2017-03
Permanent,55-Senior Executive Service - Non-Career,45.0,130.0,85.0,,Employment - March 2017,2017-03
Permanent,**-Unspecified,14.0,18.0,,,Employment - March 2017,2017-03
Permanent,Permanent,799476.0,1876163.0,1076377.0,310.0,Employment - March 2017,2017-03
Non-permanent,20-Competitive Service,7182.0,21885.0,14698.0,,Employment - March 2017,2017-03
Non-permanent,40-Excepted Service - Schedule A,5817.0,11910.0,6092.0,,Employment - March 2017,2017-03
Non-permanent,42-Excepted Service - Schedule B,631.0,2554.0,1922.0,,Employment - March 2017,2017-03
Non-permanent,44-Excepted Service - Schedule C,228.0,592.0,364.0,,Employment - March 2017,2017-03
Non-permanent,45-Excepted Service - Schedule D,604.0,1039.0,435.0,,Employment - March 2017,2017-03
Non-permanent,46-Excepted Service - Executive,61.0,243.0,182.0,,Employment - March 2017,2017-03
Non-permanent,48-Excepted Service - Other,16795.0,36435.0,19583.0,57.0,Employment - March 2017,2017-03
Non-permanent,60-Senior Executive Service - Limited Term,46.0,122.0,76.0,,Employment - March 2017,2017-03
Non-permanent,65-Senior Executive Service - Limited Emergency,,,,,Employment - March 2017,2017-03
Non-permanent,Non-permanent,31368.0,74786.0,43354.0,64.0,Employment - March 2017,2017-03
Unspecified,Unspecified,213.0,342.0,119.0,,Employment - March 2017,2017-03
Permanent,10-Competitive Service - Career,484075.0,1175528.0,691433.0,20.0,Employment - June 2017,2017-06
Permanent,15-Competitive Service - Career-Conditional,75309.0,200726.0,125319.0,98.0,Employment - June 2017,2017-06
Permanent,30-Excepted Service - Schedule A,22293.0,50571.0,28259.0,19.0,Employment - June 2017,2017-06
Permanent,32-Excepted Service - Schedule B,1685.0,4336.0,2651.0,,Employment - June 2017,2017-06
Permanent,35-Excepted Service - Schedule D,5234.0,12034.0,6794.0,,Employment - June 2017,2017-06
Permanent,36-Excepted Service - Executive,12.0,31.0,19.0,,Employment - June 2017,2017-06
Permanent,38-Excepted Service - Other,206962.0,423024.0,215806.0,256.0,Employment - June 2017,2017-06
Permanent,50-Senior Executive Service - Career,2560.0,7443.0,4882.0,,Employment - June 2017,2017-06
Permanent,55-Senior Executive Service - Non-Career,114.0,349.0,235.0,,Employment - June 2017,2017-06
Permanent,**-Unspecified,13.0,18.0,,,Employment - June 2017,2017-06
Permanent,Permanent,798257.0,1874060.0,1075403.0,400.0,Employment - June 2017,2017-06
Non-permanent,20-Competitive Service,12020.0,38288.0,26260.0,,Employment - June 2017,2017-06
Non-permanent,40-Excepted Service - Schedule A,6150.0,13043.0,6892.0,,Employment - June 2017,2017-06
Non-permanent,42-Excepted Service - Schedule B,637.0,2620.0,1982.0,,Employment - June 2017,2017-06
Non-permanent,44-Excepted Service - Schedule C,280.0,696.0,416.0,,Employment - June 2017,2017-06
Non-permanent,45-Excepted Service - Schedule D,2196.0,4154.0,1958.0,,Employment - June 2017,2017-06
Non-permanent,46-Excepted Service - Executive,61.0,237.0,176.0,,Employment - June 2017,2017-06
Non-permanent,48-Excepted Service - Other,17565.0,38116.0,20490.0,61.0,Employment - June 2017,2017-06
Non-permanent,60-Senior Executive Service - Limited Term,31.0,79.0,48.0,,Employment - June 2017,2017-06
Non-permanent,65-Senior Executive Service - Limited Emergency,,,,,Employment - June 2017,2017-06
Non-permanent,Non-permanent,38941.0,97234.0,58222.0,71.0,Employment - June 2017,2017-06
Unspecified,Unspecified,239.0,383.0,134.0,,Employment - June 2017,2017-06
Permanent,10-Competitive Service - Career,482904.0,1175680.0,692761.0,15.0,Employment - September 2017,2017-09
Permanent,15-Competitive Service - Career-Conditional,74108.0,197861.0,123702.0,51.0,Employment - September 2017,2017-09
Permanent,30-Excepted Service - Schedule A,22279.0,50380.0,28074.0,27.0,Employment - September 2017,2017-09
Permanent,32-Excepted Service - Schedule B,1589.0,4102.0,2513.0,,Employment - September 2017,2017-09
Permanent,35-Excepted Service - Schedule D,4123.0,9053.0,4925.0,,Employment - September 2017,2017-09
Permanent,36-Excepted Service - Executive,12.0,32.0,20.0,,Employment - September 2017,2017-09
Permanent,38-Excepted Service - Other,209080.0,425039.0,215800.0,159.0,Employment - September 2017,2017-09
Permanent,50-Senior Executive Service - Career,2507.0,7346.0,4839.0,,Employment - September 2017,2017-09
Permanent,55-Senior Executive Service - Non-Career,150.0,475.0,325.0,,Employment - September 2017,2017-09
Permanent,**-Unspecified,,18.0,,,Employment - September 2017,2017-09
Permanent,Permanent,796762.0,1869986.0,1072967.0,257.0,Employment - September 2017,2017-09
Non-permanent,20-Competitive Service,10338.0,33118.0,22775.0,,Employment - September 2017,2017-09
Non-permanent,40-Excepted Service - Schedule A,6576.0,13593.0,7017.0,,Employment - September 2017,2017-09
Non-permanent,42-Excepted Service - Schedule B,636.0,2678.0,2042.0,,Employment - September 2017,2017-09
Non-permanent,44-Excepted Service - Schedule C,339.0,826.0,487.0,,Employment - September 2017,2017-09
Non-permanent,45-Excepted Service - Schedule D,946.0,1695.0,749.0,,Employment - September 2017,2017-09
Non-permanent,46-Excepted Service - Executive,76.0,302.0,226.0,,Employment - September 2017,2017-09
Non-permanent,48-Excepted Service - Other,16690.0,36074.0,19347.0,37.0,Employment - September 2017,2017-09
Non-permanent,60-Senior Executive Service - Limited Term,28.0,78.0,50.0,,Employment - September 2017,2017-09
Non-permanent,65-Senior Executive Service - Limited Emergency,,,,,Employment - September 2017,2017-09
Non-permanent,Non-permanent,35630.0,88365.0,52693.0,42.0,Employment - September 2017,2017-09
Unspecified,Unspecified,238.0,402.0,151.0,13.0,Employment - September 2017,2017-09
